Time,Clean,LessNoisy,Noisy,FilteredLessNoisy,FilteredNoisy
0.000000,0.000000,-0.219392,0.857584,0.335810,1.100072
0.002000,0.374763,0.491488,0.000842,0.550501,1.048285
0.004000,0.736249,0.735335,2.551197,0.726132,1.789826
0.006000,1.071654,1.258502,2.998383,1.072496,1.888262
0.008000,1.369094,1.343949,1.687937,1.399825,1.984355
0.010000,1.618034,1.533207,1.782861,1.622235,1.994821
0.012000,1.809654,2.128133,0.901396,1.702497,1.588822
0.014000,1.937166,1.847383,2.603528,1.943090,1.349337
0.016000,1.996053,1.659811,0.968386,2.010786,0.998461
0.018000,1.984229,2.546918,0.490515,1.942376,1.174009
0.020000,1.902113,1.871682,0.028479,1.840091,1.185739
0.022000,1.752613,1.786085,2.826525,1.704854,1.420275
0.024000,1.541026,1.335959,2.016049,1.330082,1.303665
0.026000,1.274848,0.718078,0.406444,1.185309,1.156920
0.028000,0.963507,0.938604,0.103842,0.958410,0.731679
0.030000,0.618034,1.147820,0.771790,0.696362,0.176747
0.032000,0.250666,0.651587,0.360272,0.538024,-0.012755
0.034000,-0.125581,0.025723,-0.758615,0.110119,-0.002619
0.036000,-0.497380,-0.180877,-0.541065,-0.243857,-0.572602
0.038000,-0.851558,-0.714112,0.154525,-0.751505,-0.539583
0.040000,-1.175570,-1.320578,-2.078127,-1.138233,-1.059961
0.042000,-1.457937,-1.762130,0.525368,-1.498081,-0.409428
0.044000,-1.688656,-1.360085,-2.108785,-1.707377,-1.688679
0.046000,-1.859553,-2.200237,-2.974590,-1.908291,-2.715667
0.048000,-1.964574,-1.893856,-0.006268,-1.954227,-0.971094
0.050000,-2.000000,-2.325149,-4.973582,-2.210809,-4.064162
0.052000,-1.964574,-1.991808,-2.535493,-2.127598,-2.477408
0.054000,-1.859553,-2.642995,-2.721650,-2.076248,-2.705494
0.056000,-1.688656,-1.784182,-1.666235,-1.859499,-1.920331
0.058000,-1.457937,-1.637107,-1.587095,-1.708004,-1.597669
0.060000,-1.175571,-1.241405,-1.091180,-1.341072,-1.211013
0.062000,-0.851559,-1.287529,-0.922187,-1.049230,-0.711519
0.064000,-0.497380,-0.755135,-0.788367,-0.689085,-0.349868
0.066000,-0.125581,-0.324974,0.831233,-0.284004,-0.162039
0.068000,0.250667,0.453960,0.221159,0.317725,0.181506
0.070000,0.618034,0.846752,-0.152032,0.566929,0.625361
0.072000,0.963507,0.803140,0.795535,0.912155,0.893226
0.074000,1.274848,1.016006,1.430909,1.164239,1.389841
0.076000,1.541026,1.440919,2.170557,1.270152,1.767719
0.078000,1.752614,1.714376,2.697088,1.535409,2.241716
0.080000,1.902113,1.376318,1.744507,1.765403,2.014114
0.082000,1.984229,2.129427,3.165518,1.937124,2.038693
0.084000,1.996053,2.165975,0.292900,1.880977,1.380013
0.086000,1.937166,2.299522,0.589617,1.924638,0.976671
0.088000,1.809654,1.433644,1.367365,1.716578,0.566133
0.090000,1.618033,1.594622,0.050721,1.568338,0.789293
0.092000,1.369095,1.089126,0.530063,1.275911,0.888069
0.094000,1.071654,1.424775,1.408700,1.096347,0.856278
0.096000,0.736249,0.837389,1.083494,0.764046,0.608936
0.098000,0.374763,0.535824,1.208411,0.488342,0.518055
0.100000,-0.000000,-0.208484,-1.185987,-0.044632,-0.533386
0.102000,-0.374763,-0.389879,-0.845886,-0.408263,-0.611608
0.104000,-0.736249,-0.643087,-1.577887,-0.643033,-1.290829
0.106000,-1.071654,-1.407816,-0.656692,-1.057435,-1.501164
0.108000,-1.369095,-0.565898,-2.187692,-1.017585,-1.518386
0.110000,-1.618034,-1.769487,-2.237662,-1.702404,-1.427640
0.112000,-1.809654,-2.061407,-0.931995,-1.861074,-1.565113
0.114000,-1.937166,-2.431241,-1.124159,-2.034147,-1.429164
0.116000,-1.996053,-1.717028,-1.344059,-1.918825,-1.558225
0.118000,-1.984229,-2.191572,-1.507947,-1.876317,-1.673325
0.120000,-1.902113,-1.192877,-2.882965,-1.724842,-2.004743
0.122000,-1.752613,-1.848866,-1.507493,-1.621655,-1.970984
0.124000,-1.541026,-1.673869,-2.781249,-1.373371,-2.107520
0.126000,-1.274848,-1.201089,-1.175263,-1.334236,-1.842236
0.128000,-0.963507,-0.950155,-2.190627,-1.138667,-1.888041
0.130000,-0.618035,-0.997203,-1.556546,-0.787594,-1.480031
0.132000,-0.250666,-0.871020,-1.736518,-0.596454,-1.388417
0.134000,0.125582,0.081498,-0.741203,0.007387,-0.495320
0.136000,0.497381,0.285470,2.400416,0.284613,1.732941
0.138000,0.851558,0.987738,1.324620,0.738816,1.263670
0.140000,1.175570,0.934830,1.959081,1.058796,1.678703
0.142000,1.457938,1.373148,1.317961,1.280265,1.255628
0.144000,1.688656,1.790314,1.391436,1.427319,1.472727
0.146000,1.859553,1.315295,0.285044,1.670104,1.543855
0.148000,1.964574,1.723006,2.410111,1.744331,1.493229
0.150000,2.000000,2.148759,2.314726,1.732092,1.585135
0.152000,1.964575,1.744283,1.064826,1.781244,2.311156
0.154000,1.859553,1.729114,1.850969,1.782744,1.974998
0.156000,1.688656,1.561059,3.915148,1.614668,2.466986
0.158000,1.457937,1.730506,0.865318,1.398729,1.700821
0.160000,1.175571,1.308380,2.633909,1.184033,2.196898
0.162000,0.851558,0.664585,0.831850,0.833494,0.821745
0.164000,0.497379,0.655633,-0.581981,0.581175,0.260209
0.166000,0.125582,0.140159,0.353468,0.236555,-0.065001
0.168000,-0.250666,0.137120,-0.405878,-0.026728,-0.484312
0.170000,-0.618035,-0.414722,-0.522466,-0.457891,-0.757328
0.172000,-0.963509,-0.978902,-1.264705,-0.932222,-1.167130
0.174000,-1.274847,-1.278814,-1.947061,-1.270363,-1.459047
0.176000,-1.541025,-1.859746,-1.695538,-1.537743,-1.954106
0.178000,-1.752614,-1.806711,-1.865464,-1.796815,-2.076761
0.180000,-1.902114,-1.764540,-2.997760,-1.924576,-1.918428
0.182000,-1.984229,-2.274266,-1.877979,-1.811381,-2.142865
0.184000,-1.996054,-1.917615,-1.155398,-1.737260,-1.870529
0.186000,-1.937167,-1.293774,-2.817724,-1.597752,-1.651347
0.188000,-1.809654,-1.436104,-0.503785,-1.460893,-1.583627
0.190000,-1.618034,-1.067001,-1.901851,-1.242524,-2.067299
0.192000,-1.369095,-1.589969,-3.822848,-1.043497,-2.815634
0.194000,-1.071654,-0.825774,-1.544047,-0.856840,-1.396685
0.196000,-0.736249,-0.298639,0.794558,-0.497656,0.494548
0.198000,-0.374763,-0.502819,1.749348,-0.232330,0.622086
0.200000,0.000000,0.174856,0.618282,0.121619,1.008695
0.202000,0.374763,0.719417,0.426495,0.478580,1.004453
0.204000,0.736250,0.515279,1.454790,0.733653,1.133963
0.206000,1.071654,1.098990,0.773350,1.010523,1.581389
0.208000,1.369095,1.159725,2.396900,1.265629,2.009063
0.210000,1.618032,1.559206,2.855410,1.662653,1.932124
0.212000,1.809655,2.556505,2.564866,1.904618,2.014448
0.214000,1.937167,2.184745,1.070091,1.997705,1.999973
0.216000,1.996054,1.888042,1.184973,1.983049,2.050426
0.218000,1.984230,1.800027,2.324525,1.880118,2.183906
0.220000,1.902112,1.485926,3.107675,1.689227,2.316034
0.222000,1.752612,2.041850,3.232265,1.545771,2.241414
0.224000,1.541025,1.230289,1.730732,1.315794,1.861259
0.226000,1.274849,1.170765,0.811874,1.209783,1.509013
0.228000,0.963509,0.650142,0.593761,0.727359,0.833884
0.230000,0.618032,0.955867,1.176432,0.615584,0.168333
0.232000,0.250668,-0.249686,-0.143380,-0.103314,0.177951
0.234000,-0.125580,0.065743,-1.597022,-0.064576,-0.233883
0.236000,-0.497379,-1.045905,0.864775,-0.675009,-0.672396
0.238000,-0.851561,-1.114774,-0.831602,-0.937253,-1.075824
0.240000,-1.175570,-0.971213,-1.654752,-1.074871,-1.497231
0.242000,-1.457937,-1.457502,-3.930855,-1.197639,-2.526853
0.244000,-1.688656,-0.784960,-0.743934,-1.391320,-1.902469
0.246000,-1.859553,-1.659747,-2.461430,-1.514472,-2.258666
0.248000,-1.964574,-2.083178,-1.684546,-1.721096,-2.031559
0.250000,-2.000000,-1.586971,-2.350816,-1.752484,-2.220061
0.252000,-1.964574,-2.228610,-2.917068,-1.705270,-1.922335
0.254000,-1.859553,-1.203915,-1.686445,-1.591673,-1.704689
0.256000,-1.688655,-1.423677,0.376193,-1.549253,-1.183992
0.258000,-1.457939,-1.515191,-1.971626,-1.229165,-0.974811
0.260000,-1.175573,-1.374872,-1.259073,-1.090413,-0.967498
0.262000,-0.851561,-0.628172,-0.333103,-0.708572,-1.291102
0.264000,-0.497379,-0.510153,-1.649881,-0.447112,-0.853686
0.266000,-0.125580,0.189844,-1.241825,0.019188,-0.412758
0.268000,0.250668,0.296030,0.215451,0.334414,-0.193370
0.270000,0.618036,0.665023,0.945569,0.753547,0.357800
0.272000,0.963509,1.081442,0.590796,1.022894,0.745449
0.274000,1.274847,1.710516,1.279009,1.457588,0.957229
0.276000,1.541025,1.331091,0.696422,1.667985,1.253729
0.278000,1.752613,2.197173,1.274350,1.850319,1.719846
0.280000,1.902113,2.019705,3.946285,1.935311,2.457222
0.282000,1.984230,1.993109,2.121864,2.269528,2.335617
0.284000,1.996053,2.135475,2.352868,2.254746,2.347139
0.286000,1.937166,3.002179,1.982716,2.527728,1.884013
0.288000,1.809654,2.123264,1.331965,2.052814,1.627342
0.290000,1.618034,0.881382,1.630650,1.191107,1.076509
0.292000,1.369095,1.726293,0.838513,1.450230,0.831831
0.294000,1.071654,0.963420,-0.401301,0.855481,0.828475
0.296000,0.736249,0.272590,0.759326,0.570201,0.480736
0.298000,0.374763,0.271717,1.315188,0.334078,0.024107
0.300000,-0.000004,0.316796,-0.108047,-0.009774,-0.076539
0.302000,-0.374759,-0.154132,-1.444632,-0.215631,-0.381025
0.304000,-0.736246,-0.755839,-0.894934,-0.722438,-0.925108
0.306000,-1.071654,-0.756697,-0.772698,-0.902734,-1.171283
0.308000,-1.369095,-1.982290,-1.405227,-1.256007,-0.993070
0.310000,-1.618034,-1.444349,-1.338925,-1.536110,-1.281014
0.312000,-1.809655,-1.340859,-0.553568,-1.869485,-1.647435
0.314000,-1.937167,-2.271554,-2.334651,-1.922698,-1.790410
0.316000,-1.996054,-2.308371,-2.604805,-2.066746,-2.038023
0.318000,-1.984230,-2.248355,-2.120099,-2.019365,-2.113068
0.320000,-1.902114,-2.164594,-2.576989,-1.932732,-2.486624
0.322000,-1.752614,-1.103949,-0.928797,-1.796516,-1.849135
0.324000,-1.541025,-1.838392,-4.156891,-1.534817,-2.718347
0.326000,-1.274846,-1.627290,-1.158092,-1.305827,-1.413773
0.328000,-0.963505,-0.939859,-1.440603,-0.961021,-1.444883
0.330000,-0.618032,-1.019645,-0.382383,-0.863120,-0.804148
0.332000,-0.250668,0.427357,-0.110414,0.220508,-0.702393
0.334000,0.125580,0.180391,-0.929246,0.208776,-0.112791
0.336000,0.497379,0.858991,-0.649320,0.745070,-0.220835
0.338000,0.851558,0.743538,1.507410,0.933411,1.376511
0.340000,1.175573,1.515075,3.863324,1.350988,2.805405
0.342000,1.457940,1.490553,1.689522,1.602434,2.143521
0.344000,1.688658,2.085131,1.814049,1.923349,2.269339
0.346000,1.859552,2.594362,1.843299,1.948657,1.429572
0.348000,1.964574,1.931624,2.136501,2.036712,1.484947
0.350000,2.000000,1.641616,-0.335511,1.944457,0.834767
0.352000,1.964575,1.930828,1.966398,1.810400,1.855271
0.354000,1.859551,1.623855,3.984021,1.665507,2.831504
0.356000,1.688653,1.924075,0.915884,1.592959,1.518041
0.358000,1.457934,1.207159,0.664623,1.449939,1.277497
0.360000,1.175567,1.278878,1.388858,1.202888,0.569823
0.362000,0.851561,1.215727,1.020236,0.877837,0.523586
0.364000,0.497382,0.326930,-1.517207,0.389950,0.330578
0.366000,0.125583,0.360491,0.856870,0.258764,0.202936
0.368000,-0.250664,-0.764019,0.666357,-0.312700,-0.116243
0.370000,-0.618032,-0.422753,-0.011577,-0.459656,0.159654
0.372000,-0.963506,-0.761523,-0.575658,-0.858601,-0.380714
0.374000,-1.274853,-0.710478,-0.137723,-0.991732,-0.909623
0.376000,-1.541025,-1.634233,-1.844968,-1.464488,-1.459895
0.378000,-1.752613,-1.636128,-1.978189,-1.471276,-1.505917
0.380000,-1.902113,-2.192168,-2.762938,-1.520103,-1.744516
0.382000,-1.984229,-0.982617,0.572231,-1.535708,-0.771534
0.384000,-1.996054,-1.155371,-1.232873,-1.563430,-1.128752
0.386000,-1.937167,-1.712255,-0.659557,-1.473181,-0.344888
0.388000,-1.809654,-1.774738,-1.452207,-1.526283,-0.992797
0.390000,-1.618034,-1.740927,1.099061,-1.471193,-0.483911
0.392000,-1.369094,-1.248125,-2.162489,-1.196531,-1.344419
0.394000,-1.071654,-0.879918,-1.422394,-0.907539,-1.017605
0.396000,-0.736249,-0.195062,-1.529866,-0.451142,-1.219086
0.398000,-0.374763,-0.518128,-0.395683,-0.210917,-0.830666
0.400000,0.000000,0.268736,-0.584999,0.208879,-0.444677
0.402000,0.374763,0.518864,-0.220386,0.472808,0.174919
0.404000,0.736250,0.920246,0.507548,0.756176,0.587241
0.406000,1.071654,1.075850,1.568116,1.063126,0.910996
0.408000,1.369095,0.997183,1.665924,1.345327,1.682608
0.410000,1.618035,1.803486,1.033778,1.578905,1.780892
0.412000,1.809655,1.929871,3.651538,1.827595,3.078464
0.414000,1.937167,2.088136,4.652596,2.019489,3.623425
0.416000,1.996054,2.319297,1.515053,1.987560,2.713067
0.418000,1.984229,1.956655,2.972358,1.978342,2.669200
0.420000,1.902115,1.643843,2.182905,1.900499,1.848130
0.422000,1.752612,1.883781,0.623715,1.723856,2.011968
0.424000,1.541025,1.698919,1.946617,1.457957,1.430741
0.426000,1.274846,1.436080,2.334247,1.293090,1.384351
0.428000,0.963505,0.627162,0.066219,0.857579,1.813823
0.430000,0.618032,0.619376,1.950959,0.593322,1.596707
0.432000,0.250664,0.273517,2.771074,0.254389,1.720374
0.434000,-0.125576,0.004781,-0.703090,-0.000655,0.012471
0.436000,-0.497375,-0.252891,-0.415391,-0.305153,-0.067400
0.438000,-0.851555,-0.648058,-0.054995,-0.654977,-0.645536
0.440000,-1.175573,-0.903112,-0.625930,-0.853390,-1.029291
0.442000,-1.457940,-1.482814,-1.428273,-1.155679,-1.339839
0.444000,-1.688658,-0.980076,-3.192117,-1.414073,-1.855237
0.446000,-1.859554,-1.764336,-1.332858,-1.709486,-2.009098
0.448000,-1.964575,-1.940025,-2.697008,-1.875488,-2.340003
0.450000,-2.000000,-2.380179,-1.395234,-2.038677,-2.249764
0.452000,-1.964575,-2.277377,-3.082800,-2.036737,-2.177750
0.454000,-1.859554,-1.831466,-2.740919,-1.976044,-1.864114
0.456000,-1.688658,-1.754637,-0.237842,-1.780858,-1.737976
0.458000,-1.457934,-1.636563,-1.599983,-1.491306,-1.210132
0.460000,-1.175567,-1.404248,-1.433051,-1.232402,-0.949330
0.462000,-0.851554,-0.829614,0.244656,-0.834358,-0.831931
0.464000,-0.497382,-0.531041,-1.720432,-0.504626,-0.422115
0.466000,-0.125583,0.207629,0.349154,-0.177743,-0.195132
0.468000,0.250664,0.116758,0.449096,0.184476,0.297095
0.470000,0.618032,0.147555,-0.298136,0.467813,0.500322
0.472000,0.963506,1.006359,2.210400,0.644185,0.703634
0.474000,1.274847,0.860764,-0.208903,0.962689,0.447596
0.476000,1.541030,1.089489,1.365713,1.336701,1.649943
0.478000,1.752613,2.026767,3.764046,1.553819,2.796028
0.480000,1.902113,1.700124,2.126763,1.697021,2.445463
0.482000,1.984229,2.012025,2.801180,1.834389,2.530429
0.484000,1.996054,1.656699,2.169612,1.763470,2.300950
0.486000,1.937167,1.776328,1.790546,1.785120,1.814952
0.488000,1.809654,1.672174,2.616650,1.645920,1.906434
0.490000,1.618034,1.808376,-0.272742,1.558917,1.180631
0.492000,1.369094,1.316025,2.601996,1.403888,1.618565
0.494000,1.071654,1.221684,0.899839,1.226482,0.903270
0.496000,0.736249,1.001184,0.954638,0.872225,0.846148
0.498000,0.374763,0.785143,0.332619,0.629986,0.469655
0.500000,-0.000000,-0.297533,-0.632298,-0.172039,0.149125
0.502000,-0.374756,-0.467506,0.793479,-0.433885,-0.115154
0.504000,-0.736250,-0.932539,-0.702815,-0.821216,-0.962994
0.506000,-1.071654,-1.094693,-2.748691,-1.111025,-2.026785
0.508000,-1.369095,-1.313809,-2.582784,-1.329820,-1.833368
0.510000,-1.618035,-1.746578,-1.970822,-1.467392,-2.019885
0.512000,-1.809655,-1.561479,-1.161725,-1.587030,-1.763010
0.514000,-1.937167,-1.620399,-1.635402,-1.692542,-1.671958
0.516000,-1.996053,-1.692883,-1.464316,-1.711392,-1.521140
0.518000,-1.984229,-1.841373,-2.127523,-1.759182,-1.493296
0.520000,-1.902115,-1.840826,-1.216736,-1.688256,-1.439692
0.522000,-1.752612,-1.800427,-1.022504,-1.557121,-1.362045
0.524000,-1.541030,-1.265771,-1.367383,-1.396591,-1.369272
0.526000,-1.274846,-1.037209,-1.076080,-1.048688,-1.210881
0.528000,-0.963505,-1.038720,-2.163655,-0.809884,-0.902528
0.530000,-0.618039,-0.120030,-0.424783,-0.452316,-0.440732
0.532000,-0.250664,-0.587692,0.519262,-0.332234,-0.070396
0.534000,0.125576,0.250485,0.920893,0.083540,0.524212
0.536000,0.497383,0.700766,0.211555,0.328676,1.030592
0.538000,0.851555,0.174173,1.394132,0.654359,1.124738
0.540000,1.175573,0.848876,2.107120,0.939964,1.349416
0.542000,1.457934,1.297493,0.989988,1.202713,1.617384
0.544000,1.688658,1.969808,2.044284,1.768928,1.881765
0.546000,1.859554,1.424923,1.551396,1.823344,2.219697
0.548000,1.964574,2.623440,2.716039,2.181641,2.464947
0.550000,2.000000,2.578294,3.796775,2.154751,2.352657
0.552000,1.964575,2.311738,2.216244,2.184862,2.135098
0.554000,1.859551,1.637658,1.482833,1.803623,1.750816
0.556000,1.688658,1.773181,0.294756,1.568916,1.215072
0.558000,1.457934,1.008367,1.446546,1.261205,1.048230
0.560000,1.175573,1.055909,0.634982,1.100167,1.045546
0.562000,0.851561,0.830910,1.382031,0.868197,1.180252
0.564000,0.497375,0.832467,1.469414,0.717856,0.953187
0.566000,0.125583,0.613332,0.968285,0.475380,0.822956
0.568000,-0.250672,0.256661,0.311221,0.144944,0.322933
0.570000,-0.618032,-1.107536,-0.016172,-0.677223,-0.321906
0.572000,-0.963512,-0.872375,-1.118084,-0.762602,-0.581671
0.574000,-1.274847,-0.320044,-2.251262,-1.064569,-0.797599
0.576000,-1.541026,-1.433517,0.165941,-1.325163,-0.928221
0.578000,-1.752613,-1.715526,-0.768420,-1.544256,-0.735837
0.580000,-1.902113,-1.964782,-0.669281,-1.759621,-0.843350
0.582000,-1.984230,-1.805003,-0.156163,-1.716801,-0.878388
0.584000,-1.996053,-1.879275,-3.079090,-1.804325,-1.673062
0.586000,-1.937165,-1.219418,-0.307856,-1.770020,-1.201726
0.588000,-1.809654,-2.153147,-2.020806,-1.593945,-1.937966
0.590000,-1.618039,-1.793258,-2.727804,-1.442647,-1.366472
0.592000,-1.369094,-0.924626,-1.554274,-1.123847,-1.417218
0.594000,-1.071654,-0.843545,-0.140547,-0.856288,-1.176887
0.596000,-0.736249,-0.565636,-0.642659,-0.529308,-0.741305
0.598000,-0.374763,-0.172835,-0.819152,-0.257486,-0.718689
0.600000,0.000008,-0.139900,-0.549894,-0.164924,-0.442013
0.602000,0.374763,0.434488,-1.441191,0.145031,-0.336428
0.604000,0.736243,-0.380739,1.242829,0.006184,0.662159
0.606000,1.071654,0.928163,-0.114731,0.883838,0.228735
0.608000,1.369089,1.547701,2.159951,1.395021,1.156071
0.610000,1.618035,1.573304,0.216817,1.547077,1.084154
0.612000,1.809655,1.858507,2.275491,1.856649,1.454096
0.614000,1.937167,1.827709,0.883242,2.014686,1.054327
0.616000,1.996054,2.476025,1.734981,2.097670,1.682948
0.618000,1.984230,2.337887,0.161106,1.996735,1.126947
0.620000,1.902112,1.988221,3.303696,2.009679,1.905142
0.622000,1.752616,1.353832,0.690327,1.842966,1.310895
0.624000,1.541025,1.892431,2.029421,1.650971,1.573916
0.626000,1.274852,1.642461,1.145939,1.380864,1.425711
0.628000,0.963505,0.130426,0.511653,0.358779,1.495044
0.630000,0.618032,0.491277,2.751217,0.443575,1.083470
0.632000,0.250664,-0.121277,1.036990,0.095224,0.817153
0.634000,-0.125584,-0.160624,-0.028447,-0.037098,-0.030937
0.636000,-0.497375,0.136320,-2.896021,-0.312564,-1.625745
0.638000,-0.851561,-0.531184,-1.052230,-0.598412,-1.149349
0.640000,-1.175567,-0.886053,0.058131,-0.935209,-1.422877
0.642000,-1.457940,-2.366452,-1.986318,-1.833843,-1.172233
0.644000,-1.688654,-1.612235,-2.550987,-1.697121,-1.358845
0.646000,-1.859554,-1.577055,-0.196284,-1.866556,-1.845249
0.648000,-1.964575,-2.116347,-1.680671,-1.895434,-1.758408
0.650000,-2.000000,-1.660693,-2.811985,-2.057072,-2.540127
0.652000,-1.964574,-2.510840,-1.552113,-2.055619,-2.456434
0.654000,-1.859554,-2.420424,-4.684964,-1.969012,-3.219691
0.656000,-1.688653,-1.569790,-2.914699,-1.715841,-2.669029
0.658000,-1.457939,-1.683315,-1.572306,-1.560807,-1.922675
0.660000,-1.175567,-0.865722,-2.134847,-1.188810,-1.609011
0.662000,-0.851561,-1.064780,-0.327297,-0.931019,-0.587101
0.664000,-0.497382,-0.760445,0.651458,-0.562632,-0.505338
0.666000,-0.125576,0.321877,0.243126,0.105863,0.135481
0.668000,0.250664,0.582954,-1.256058,0.377648,-0.015240
0.670000,0.618039,0.365992,1.366178,0.711647,1.139879
0.672000,0.963506,0.926476,2.491733,0.959755,1.733390
0.674000,1.274853,1.360934,1.928640,1.133355,1.786277
0.676000,1.541026,1.562421,1.459465,1.465501,1.542898
0.678000,1.752613,1.450954,1.685369,1.693230,1.331853
0.680000,1.902115,2.026722,0.149283,1.828403,1.398701
0.682000,1.984229,2.065119,1.436509,1.838204,1.031963
0.684000,1.996053,2.036799,2.262878,2.007551,1.822901
0.686000,1.937166,1.611424,-0.416944,1.829558,0.871543
0.688000,1.809651,2.297691,3.453662,1.701225,2.366254
0.690000,1.618034,1.136759,1.662847,1.429425,1.557276
0.692000,1.369100,0.978257,0.878840,1.179307,1.289945
0.694000,1.071654,1.166351,1.866561,0.839420,0.743728
0.696000,0.736256,0.681357,-0.286448,0.669366,0.594963
0.698000,0.374762,0.234378,-0.403158,0.410661,0.466475
0.700000,0.000007,0.286488,0.919019,0.100712,-0.091650
0.702000,-0.374763,-0.275854,0.236400,-0.357481,-0.305519
0.704000,-0.736243,-1.142934,-0.924063,-0.885061,-0.824865
0.706000,-1.071654,-1.312628,-1.355794,-1.170871,-1.471336
0.708000,-1.369100,-1.092237,-2.690844,-1.372500,-1.987840
0.710000,-1.618035,-1.887244,-2.816083,-1.617821,-2.090893
0.712000,-1.809658,-1.427459,-2.152416,-1.768853,-2.535416
0.714000,-1.937167,-2.369538,-1.439328,-2.051618,-2.442379
0.716000,-1.996054,-2.067789,-3.578411,-2.175697,-2.655101
0.718000,-1.984229,-2.506061,-2.225658,-2.241147,-1.966828
0.720000,-1.902110,-2.507636,0.671790,-2.156299,-0.382811
0.722000,-1.752612,-1.754709,-2.012689,-1.847372,-1.109624
0.724000,-1.541030,-1.945300,-0.727103,-1.754291,-0.453594
0.726000,-1.274846,-0.842223,-0.110571,-1.041831,-0.526876
0.728000,-0.963512,-0.778238,-0.089396,-0.905720,-0.176105
0.730000,-0.618032,-0.443456,0.305378,-0.419180,0.067033
0.732000,-0.250671,-0.665981,-0.258833,-0.336036,0.299342
0.734000,0.125584,0.686249,0.488585,0.086754,0.415300
0.736000,0.497375,0.272807,1.050978,0.332247,0.658723
0.738000,0.851562,0.237841,0.490391,0.697022,1.298762
0.740000,1.175567,1.484111,1.522493,1.199562,1.525834
0.742000,1.457940,1.348858,2.941362,1.338226,1.639681
0.744000,1.688654,1.654205,1.623947,1.683425,1.769176
0.746000,1.859554,1.938387,1.620214,1.802423,2.147774
0.748000,1.964577,1.991565,1.137864,1.927335,1.978408
0.750000,2.000000,2.079099,3.415484,1.986206,2.152135
0.752000,1.964575,1.973420,2.094531,1.973678,1.956203
0.754000,1.859551,1.948561,-0.188628,1.864387,0.361567
0.756000,1.688657,1.875746,2.854082,1.626725,1.971059
0.758000,1.457934,1.445109,-0.919067,1.444113,0.003873
0.760000,1.175573,0.890788,1.455108,1.081695,1.286420
0.762000,0.851554,1.060363,2.499106,0.816159,1.401257
0.764000,0.497382,0.337105,-0.877395,0.330224,0.382391
0.766000,0.125591,-0.138819,0.410689,-0.009461,0.674512
0.768000,-0.250664,-0.519259,0.418004,-0.376123,0.303070
0.770000,-0.618025,-0.442067,1.283484,-0.715376,0.511866
0.772000,-0.963506,-1.108498,0.280569,-1.028810,0.184150
0.774000,-1.274841,-1.368236,0.166586,-1.296803,-0.112842
0.776000,-1.541026,-1.688578,-1.227891,-1.543647,-1.299921
0.778000,-1.752616,-1.841603,-3.346944,-1.758387,-2.414119
0.780000,-1.902113,-1.711322,-2.835129,-1.758038,-2.352396
0.782000,-1.984230,-2.182194,-2.105902,-1.787506,-2.847391
0.784000,-1.996053,-1.366493,-2.246113,-1.768549,-2.260361
0.786000,-1.937165,-1.835919,-3.702866,-1.782790,-2.233836
0.788000,-1.809654,-1.746818,-0.425255,-1.560488,-1.550282
0.790000,-1.618030,-1.782526,-1.767128,-1.484387,-1.763049
0.792000,-1.369094,-1.070685,-1.106665,-1.306291,-1.208432
0.794000,-1.071647,-0.985989,-1.808715,-1.015046,-1.352062
0.796000,-0.736249,-0.945436,-0.934398,-0.670952,-0.950495
0.798000,-0.374770,-0.291754,-1.143403,-0.290787,-0.698363
0.800000,0.000000,0.309722,0.240705,0.096044,0.302147
0.802000,0.374756,0.462684,1.984371,0.426163,1.554761
0.804000,0.736250,0.517922,1.561747,0.733346,1.753796
0.806000,1.071648,1.132243,2.890150,1.130314,2.084594
0.808000,1.369095,1.951797,2.092008,1.519659,1.973947
0.810000,1.618030,1.581827,1.894695,1.530976,2.236928
0.812000,1.809655,1.859285,1.431132,1.731280,2.351496
0.814000,1.937169,1.129729,2.876657,1.817505,2.086759
0.816000,1.996054,2.133761,3.462985,1.909060,2.132215
0.818000,1.984228,2.382921,0.768325,1.888751,2.269109
0.820000,1.902112,2.039604,2.121978,1.988760,2.052033
0.822000,1.752609,1.757742,2.115600,1.829280,1.634356
0.824000,1.541025,1.629771,1.791279,1.610460,1.771635
0.826000,1.274852,1.336362,1.374600,1.277807,1.590990
0.828000,0.963505,1.288822,1.454716,1.056967,1.478923
0.830000,0.618039,0.346765,1.218754,0.488292,1.180119
0.832000,0.250664,0.384970,1.555264,0.293073,0.921067
0.834000,-0.125576,-0.341694,0.297259,-0.281027,0.554082
0.836000,-0.497383,-0.800329,0.079340,-0.601130,0.373201
0.838000,-0.851555,-0.893412,-0.380205,-0.992608,-0.172811
0.840000,-1.175561,-1.098362,0.314346,-1.168226,-0.694731
0.842000,-1.457934,-1.986023,-1.174795,-1.597426,-1.227128
0.844000,-1.688658,-1.063006,-2.312342,-1.590572,-2.111261
0.846000,-1.859552,-2.250215,-2.660133,-1.820564,-2.371285
0.848000,-1.964575,-2.167984,-3.750923,-1.800023,-2.414986
0.850000,-2.000000,-1.635591,-1.958233,-2.032237,-2.412760
0.852000,-1.964574,-1.883319,-1.393301,-1.985705,-2.144915
0.854000,-1.859554,-2.224077,-2.301212,-1.734472,-1.555509
0.856000,-1.688653,-2.017556,-1.320907,-1.782605,-1.812882
0.858000,-1.457939,-0.844690,-0.803891,-1.056564,-1.251493
0.860000,-1.175566,-0.401625,-3.245101,-0.715915,-1.750138
0.862000,-0.851561,-1.060084,0.277028,-0.612720,-0.488700
0.864000,-0.497375,-0.316317,-1.131855,-0.322743,-0.902673
0.866000,-0.125583,-0.440884,0.088272,-0.275984,0.393367
0.868000,0.250657,0.596613,0.835851,0.460682,0.554063
0.870000,0.618032,0.858312,1.982741,0.615018,1.016637
0.872000,0.963499,1.096411,0.879234,0.884334,0.979558
0.874000,1.274847,0.660834,1.297086,0.971235,1.277685
0.876000,1.541021,1.209500,-0.097122,1.320444,1.389598
0.878000,1.752613,2.543339,2.326486,2.141147,1.946511
0.880000,1.902115,1.534950,2.542305,1.797572,2.034918
0.882000,1.984229,2.334369,3.093064,2.117252,2.159880
0.884000,1.996053,1.582693,-0.178169,1.974312,1.015034
0.886000,1.937166,2.590911,1.161985,2.028127,1.608909
0.888000,1.809651,1.828639,3.415068,1.758111,2.446569
0.890000,1.618034,1.804022,2.318762,1.703044,1.829127
0.892000,1.369089,0.837795,-0.501622,1.115533,0.309406
0.894000,1.071654,1.091123,0.309310,1.016578,0.843979
0.896000,0.736242,0.452588,0.517782,0.657205,0.356174
0.898000,0.374762,0.897360,1.698911,0.615217,0.457840
0.900000,0.000007,0.007158,-0.243512,-0.042095,0.450907
0.902000,-0.374763,-0.758512,0.006710,-0.714571,-0.110410
0.904000,-0.736243,-1.232475,0.274646,-1.177745,-0.340152
0.906000,-1.071654,-1.815046,-3.348976,-1.541305,-1.905968
0.908000,-1.369089,-1.787209,-0.741788,-1.750436,-1.108851
0.910000,-1.618035,-2.082954,-0.740988,-1.965531,-1.708621
0.912000,-1.809651,-1.834494,-3.410485,-1.945090,-2.598358
0.914000,-1.937167,-2.307950,-2.572582,-2.036692,-2.758165
0.916000,-1.996054,-1.712843,-3.438114,-2.088906,-3.010216
0.918000,-1.984229,-2.245220,-3.891058,-2.044250,-2.981455
0.920000,-1.902110,-2.344021,-0.331037,-1.871609,-1.092055
0.922000,-1.752612,-1.611215,-1.861029,-1.699280,-1.613313
0.924000,-1.541020,-1.444746,-0.492520,-1.458658,-0.798876
0.926000,-1.274846,-0.946094,-0.290279,-1.175763,-1.016486
0.928000,-0.963512,-0.960127,-1.019514,-0.866148,-0.646413
0.930000,-0.618031,-0.916635,-1.419086,-0.583929,-0.772504
0.932000,-0.250671,-0.063139,-0.010666,-0.284828,-0.323685
0.934000,0.125584,-0.033648,-1.122973,-0.010937,-0.290855
0.936000,0.497375,0.328448,1.584169,0.404949,0.362837
0.938000,0.851562,0.658304,0.732118,0.727151,0.705730
0.940000,1.175567,1.134779,0.631535,1.139437,1.241127
0.942000,1.457929,1.909600,1.697713,1.589406,1.014134
0.944000,1.688654,1.679926,1.560101,1.794037,1.382821
0.946000,1.859554,2.117116,0.449205,1.986417,1.489873
0.948000,1.964574,2.128761,2.575550,2.014582,1.579058
0.950000,2.000000,2.096684,1.166798,1.996958,1.388036
0.952000,1.964572,2.050423,2.143636,1.956072,1.609154
0.954000,1.859551,1.591808,0.604994,1.720903,1.585863
0.956000,1.688657,1.912686,1.554793,1.512024,1.714509
0.958000,1.457934,0.952912,2.459096,1.305422,1.336595
0.960000,1.175573,1.052292,1.810027,1.017960,1.184062
0.962000,0.851554,1.017414,0.254065,0.793515,0.700779
0.964000,0.497382,0.060534,-0.209687,0.517176,0.365821
0.966000,0.125576,0.884425,-0.229423,0.439602,-0.204514
0.968000,-0.250665,-0.117661,0.204123,-0.077602,-0.571678
0.970000,-0.618039,-0.287485,-1.041649,-0.296947,-0.763478
0.972000,-0.963506,-0.844185,-1.581753,-0.661294,-0.850458
0.974000,-1.274841,-1.179071,-1.168689,-0.918747,-1.244764
0.976000,-1.541026,-0.878069,-0.664322,-1.082720,-1.355334
0.978000,-1.752609,-1.404923,-1.767406,-1.332591,-1.161735
0.980000,-1.902113,-1.107350,-1.594502,-1.483596,-1.112939
0.982000,-1.984230,-2.093544,-0.613755,-1.746081,-1.345332
0.984000,-1.996053,-1.997109,-0.924708,-1.858624,-1.624000
0.986000,-1.937165,-2.127477,-1.826288,-1.972432,-1.695474
0.988000,-1.809654,-1.967640,-3.160748,-1.874646,-2.039961
0.990000,-1.618030,-1.676389,-1.951872,-1.710967,-1.861473
0.992000,-1.369094,-1.604617,-2.336190,-1.416805,-1.905181
0.994000,-1.071647,-1.178712,0.022425,-1.088284,-0.559512
0.996000,-0.736249,-0.501282,0.956779,-0.682455,0.228267
0.998000,-0.374755,-0.274062,-1.039756,-0.358267,0.056209
1.000000,0.000000,-0.186194,1.055031,-0.014107,0.041495
1.002000,0.374756,0.319578,-0.713433,0.332839,-0.124481
1.004000,0.736236,0.571423,-0.051147,0.582254,0.445843
1.006000,1.071661,1.259791,0.126902,1.130526,0.351743
1.008000,1.369095,0.953714,1.811863,1.218843,0.889854
1.010000,1.618030,2.090930,0.584532,1.927332,1.458758
1.012000,1.809655,2.061247,1.977122,1.997335,1.632344
1.014000,1.937169,2.673755,2.793371,2.284675,1.608189
1.016000,1.996054,2.077573,0.994829,2.273966,1.846178
1.018000,1.984230,2.519870,1.691092,2.207232,2.025957
1.020000,1.902112,2.037385,1.774475,2.025278,2.084032
1.022000,1.752616,1.727575,2.876018,1.918603,2.258478
1.024000,1.541025,1.763985,3.083745,1.680848,2.096411
1.026000,1.274840,1.544201,1.867060,1.455554,1.863311
1.028000,0.963505,1.331096,0.880758,1.204147,1.737962
1.030000,0.618039,0.910912,0.608303,0.821274,1.231497
1.032000,0.250679,0.000729,2.249947,0.058435,0.725924
1.034000,-0.125592,-0.917724,0.551416,-0.637249,0.400136
1.036000,-0.497383,-0.423522,-0.660806,-0.692435,0.092367
1.038000,-0.851555,-1.027877,-1.014882,-0.946823,-0.352962
1.040000,-1.175561,-1.093780,0.712963,-1.152894,-0.848016
1.042000,-1.457945,-1.271210,-1.353500,-1.391548,-1.293797
1.044000,-1.688658,-1.987945,-1.923856,-1.686517,-1.677478
1.046000,-1.859552,-1.576926,-2.778075,-1.796274,-1.951927
1.048000,-1.964572,-2.424383,-2.383349,-1.964386,-1.948294
1.050000,-2.000000,-1.720906,-1.320856,-1.855975,-1.938621
1.052000,-1.964574,-2.111768,-1.335337,-1.861897,-1.599377
1.054000,-1.859554,-1.445894,-1.875489,-1.642488,-1.197252
1.056000,-1.688653,-1.606531,-1.081855,-1.445361,-1.082840
1.058000,-1.457939,-1.327343,-0.372725,-1.235949,-1.203817
1.060000,-1.175579,-0.735269,-0.748794,-1.159766,-1.260271
1.062000,-0.851547,-1.064707,-1.940224,-0.994223,-1.210137
1.064000,-0.497375,-1.064980,-2.157759,-0.766507,-1.475863
1.066000,-0.125583,-0.778814,1.297425,-0.605833,0.830853
1.068000,0.250657,0.457426,1.672705,0.317556,1.300945
1.070000,0.618047,0.247162,0.985802,0.344593,1.557463
1.072000,0.963513,1.222581,2.146214,1.163233,2.077785
1.074000,1.274847,1.944049,1.685170,1.554388,2.153223
1.076000,1.541021,1.659778,3.899037,1.559854,2.565015
1.078000,1.752605,1.596704,2.049890,1.619667,2.831145
1.080000,1.902115,1.376156,3.044762,1.662382,2.937170
1.082000,1.984229,1.521649,3.476865,1.661717,2.708910
1.084000,1.996054,2.157626,2.215298,1.816238,2.540991
1.086000,1.937166,1.656452,2.757734,1.875048,2.229121
1.088000,1.809651,2.369310,1.210296,1.915208,2.059975
1.090000,1.618034,1.670206,1.485413,1.704952,1.477973
1.092000,1.369089,1.722445,2.631133,1.579715,1.540785
1.094000,1.071653,1.106346,-0.717413,1.062857,0.889694
1.096000,0.736256,0.752363,1.750863,0.778148,1.410329
1.098000,0.374747,-0.209826,2.062844,0.236384,0.856668
1.100000,-0.000008,0.622162,0.493572,0.119390,0.690834
1.102000,-0.374763,-0.284685,0.672248,-0.311731,0.381576
1.104000,-0.736243,-0.283063,-1.187725,-0.386735,-0.979079
1.106000,-1.071642,-1.566240,-2.663724,-1.290660,-1.516865
1.108000,-1.369101,-1.537353,-1.542013,-1.454810,-1.984498
1.110000,-1.618035,-1.644326,-1.633286,-1.653852,-2.336998
1.112000,-1.809651,-2.013748,-2.895740,-1.798643,-2.281324
1.114000,-1.937163,-1.507594,-2.950226,-1.885892,-2.305863
1.116000,-1.996054,-2.290193,-2.385356,-1.889369,-2.323769
1.118000,-1.984229,-1.973600,-1.664709,-1.938188,-1.654901
1.120000,-1.902115,-1.661708,-1.722814,-1.928331,-1.627557
1.122000,-1.752612,-2.257843,0.467071,-1.844216,-1.242132
1.124000,-1.541030,-1.458310,-2.709183,-1.676183,-1.641281
1.126000,-1.274846,-1.869618,-2.081915,-1.595954,-1.707955
1.128000,-0.963498,-1.133437,-1.076651,-1.074390,-1.904050
1.130000,-0.618031,-0.601691,-2.439057,-0.650934,-1.503847
1.132000,-0.250671,-0.074245,-1.213444,-0.202838,-1.511664
1.134000,0.125569,0.096933,-0.708170,0.088515,-1.053322
1.136000,0.497390,0.448761,-2.121000,0.357208,-0.689138
1.138000,0.851562,0.572816,0.716995,0.668283,0.269690
1.140000,1.175567,0.741775,0.226459,0.918063,0.298156
1.142000,1.457929,1.481130,1.660918,1.473935,1.327897
1.144000,1.688662,2.204965,1.301035,1.960018,1.758461
1.146000,1.859554,2.320881,2.734079,2.083886,2.050364
1.148000,1.964574,2.239116,2.869812,2.177840,2.309583
1.150000,2.000000,2.173340,1.685977,2.056963,2.112548
1.152000,1.964575,1.950898,2.957012,2.007762,2.159767
1.154000,1.859551,1.600579,0.350393,1.877829,1.856431
1.156000,1.688657,2.074878,2.800994,1.691745,1.905466
1.158000,1.457934,1.589448,1.487778,1.538184,1.371363
1.160000,1.175573,1.242924,1.931155,1.359762,1.387828
1.162000,0.851568,1.183089,0.286493,1.012151,0.453081
1.164000,0.497367,0.708471,-0.252413,0.688946,0.353303
1.166000,0.125575,0.336824,-1.010726,0.352355,-0.055956
1.168000,-0.250665,-0.034146,0.893386,-0.054377,-0.396346
1.170000,-0.618025,-0.402819,-0.196521,-0.464624,-0.717116
1.172000,-0.963519,-0.926067,-1.415455,-0.938289,-1.213133
1.174000,-1.274853,-1.681091,-1.856263,-1.342011,-1.512060
1.176000,-1.541026,-1.709885,-2.783730,-1.538580,-1.915896
1.178000,-1.752609,-1.619750,-1.308332,-1.805432,-1.813631
1.180000,-1.902108,-1.756106,-2.215702,-1.754465,-1.844254
1.182000,-1.984230,-2.260329,-0.904127,-1.852051,-1.864255
1.184000,-1.996053,-1.426255,-2.009378,-1.863664,-2.065071
1.186000,-1.937168,-2.197816,-2.883734,-1.913106,-1.922175
1.188000,-1.809654,-1.677816,-2.312411,-1.691445,-2.201385
1.190000,-1.618030,-2.003313,-1.501225,-1.669449,-2.095150
1.192000,-1.369094,-1.152025,-2.300175,-1.436412,-1.733917
1.194000,-1.071647,-1.316277,-1.478208,-1.203194,-1.147195
1.196000,-0.736249,-1.032630,-1.077564,-0.847559,-0.805891
1.198000,-0.374770,-0.410958,0.858384,-0.456567,0.340346
1.200000,0.000016,0.396209,1.520663,0.219661,0.405168
1.202000,0.374771,-0.087124,0.786081,0.242695,0.921733
1.204000,0.736250,1.079666,-0.061722,0.819556,1.198759
1.206000,1.071648,0.669657,1.505258,0.829951,1.304261
1.208000,1.369084,1.531372,2.243517,1.303344,1.528459
1.210000,1.618039,1.353892,2.048171,1.471810,2.138716
1.212000,1.809655,1.882132,1.907073,1.700597,2.116880
1.214000,1.937165,1.921996,2.989563,1.815041,1.972606
1.216000,1.996053,1.813593,1.396074,1.981480,1.905625
1.218000,1.984228,2.103594,1.522150,1.897878,1.952452
1.220000,1.902112,2.186085,1.713266,1.817413,1.742875
1.222000,1.752616,1.464121,2.141205,1.774925,1.769771
1.224000,1.541025,1.519672,1.941677,1.632242,1.814796
1.226000,1.274852,1.601153,1.530558,1.393256,1.339417
1.228000,0.963505,1.390180,1.747272,1.206332,1.204540
1.230000,0.618024,0.991154,-1.572016,0.893197,-0.925445
1.232000,0.250663,-0.019235,-0.727947,0.197493,-0.611375
1.234000,-0.125577,-0.148185,-1.610761,-0.144648,-1.082498
1.236000,-0.497368,-0.199715,-0.583027,-0.462520,-1.112727
1.238000,-0.851569,-1.322085,-0.918737,-1.145530,-1.264210
1.240000,-1.175573,-1.244949,-1.723164,-1.243779,-0.954159
1.242000,-1.457935,-1.877207,-1.485361,-1.633569,-1.493057
1.244000,-1.688650,-1.572346,-0.060508,-1.770043,-1.398935
1.246000,-1.859557,-2.151258,-3.283506,-1.900604,-2.656099
1.248000,-1.964575,-2.004453,-3.024379,-1.958349,-2.618517
1.250000,-2.000000,-1.897758,-3.311517,-2.090354,-2.871134
1.252000,-1.964576,-2.165930,-2.332362,-1.977134,-2.581979
1.254000,-1.859554,-2.232369,-2.403906,-1.820399,-2.558835
1.256000,-1.688653,-1.585157,-1.837733,-1.614305,-2.303139
1.258000,-1.457939,-1.220782,-2.908656,-1.439438,-1.939455
1.260000,-1.175566,-0.898931,-2.033038,-1.144129,-1.632619
1.262000,-0.851561,-1.259950,-0.513943,-0.874950,-0.730059
1.264000,-0.497374,-0.755822,1.058876,-0.735125,-0.243624
1.266000,-0.125568,-0.239264,-0.308555,-0.364838,0.057138
1.268000,0.250672,-0.521657,0.211413,-0.299875,0.328328
1.270000,0.618032,0.556913,-0.162099,0.545548,0.462478
1.272000,0.963499,1.352742,0.842005,1.161196,1.097542
1.274000,1.274859,1.469377,2.846711,1.177867,1.579855
1.276000,1.541031,1.401813,2.240093,1.421614,1.828462
1.278000,1.752613,1.108488,1.223145,1.502013,2.041968
1.280000,1.902110,1.775652,1.990354,1.567870,2.122997
1.282000,1.984227,1.754733,1.909535,1.655907,2.159058
1.284000,1.996053,1.798664,3.251858,1.768124,2.340525
1.286000,1.937166,1.841997,2.420400,1.717722,2.207960
1.288000,1.809657,1.669574,2.130478,1.772567,2.437725
1.290000,1.618034,1.523641,1.327531,1.565995,1.583191
1.292000,1.369089,2.028960,3.058359,1.472832,2.035547
1.294000,1.071653,0.765801,-0.419039,0.973557,0.452320
1.296000,0.736242,0.670788,2.083696,0.799200,1.594276
1.298000,0.374762,0.465543,-0.219047,0.409476,0.014405
1.300000,0.000007,0.432459,-1.680381,0.188571,-0.758286
1.302000,-0.374778,-0.287212,1.212568,-0.278034,-0.300005
1.304000,-0.736257,-0.803348,-0.892141,-0.702439,-0.759117
1.306000,-1.071655,-1.156628,0.078974,-1.006884,-0.406546
1.308000,-1.369090,-1.296010,-2.168670,-1.332635,-1.655062
1.310000,-1.618026,-1.491220,-2.321922,-1.528942,-1.842033
1.312000,-1.809658,-1.915968,-2.705433,-1.712297,-2.515704
1.314000,-1.937167,-1.784886,-2.093114,-1.810272,-2.684890
1.316000,-1.996053,-2.073400,-3.289382,-1.832049,-2.351098
1.318000,-1.984231,-1.785883,-3.014600,-1.707006,-2.238514
1.320000,-1.902110,-1.600110,-0.652962,-1.746680,-1.387455
1.322000,-1.752612,-1.290751,-0.366915,-1.600167,-1.176596
1.324000,-1.541030,-1.983258,-1.376699,-1.483970,-0.679015
1.326000,-1.274846,-1.340831,-0.471803,-1.308345,-0.840458
1.328000,-0.963512,-1.204900,-0.526698,-1.173160,-1.281475
1.330000,-0.618031,-0.721986,-1.460177,-0.809013,-1.033167
1.332000,-0.250656,-0.599757,-2.571999,-0.525709,-1.251102
1.334000,0.125584,-0.177592,-0.135156,-0.110244,-0.303123
1.336000,0.497376,0.075689,0.789889,0.186361,0.498477
1.338000,0.851576,1.452567,1.071466,1.154745,0.742476
1.340000,1.175580,1.277813,1.576172,1.258654,1.166952
1.342000,1.457940,1.358571,0.410008,1.624838,1.582922
1.344000,1.688654,2.046413,1.987224,1.723205,1.852919
1.346000,1.859549,1.988826,2.869740,1.756327,1.716814
1.348000,1.964577,1.944404,2.421450,1.837697,2.045271
1.350000,2.000000,1.443421,0.394393,1.829294,1.734865
1.352000,1.964575,1.765421,2.553549,1.816148,1.595042
1.354000,1.859557,2.004398,0.773737,1.668351,1.646998
1.356000,1.688657,1.923094,1.832080,1.605861,1.856415
1.358000,1.457934,1.205421,3.151174,1.332115,2.383094
1.360000,1.175560,0.527581,0.971536,1.003839,0.932107
1.362000,0.851554,1.205219,-1.924888,0.742257,-1.227305
1.364000,0.497382,0.571818,0.248706,0.465892,-0.346933
1.366000,0.125560,0.201248,-1.066884,0.210424,-0.948233
1.368000,-0.250680,-0.176405,-0.124723,-0.216691,-0.395054
1.370000,-0.618040,-0.708433,-1.873378,-0.644051,-0.479847
1.372000,-0.963506,-1.099021,0.841010,-0.878694,-0.463858
1.374000,-1.274841,-1.303478,-0.175261,-1.166060,-0.794199
1.376000,-1.541035,-1.106134,-1.767067,-1.352774,-0.491336
1.378000,-1.752617,-1.613235,-1.372742,-1.579536,-0.926633
1.380000,-1.902113,-1.642003,0.017379,-1.652277,-1.321282
1.382000,-1.984228,-2.232828,-1.335475,-1.782615,-1.327170
1.384000,-1.996054,-1.667187,-2.148507,-1.859275,-1.526574
1.386000,-1.937165,-1.757821,-1.796504,-1.763149,-1.853446
1.388000,-1.809654,-1.996535,-2.369764,-1.541670,-1.733879
1.390000,-1.618039,-1.161372,-1.616979,-1.328030,-1.342536
1.392000,-1.369105,-1.125436,-0.737640,-1.090016,-1.209091
1.394000,-1.071647,-0.642440,-0.191794,-0.748999,-0.945923
1.396000,-0.736249,-0.478045,-1.129280,-0.596553,-0.881359
1.398000,-0.374770,-0.337703,-1.053923,-0.243291,-1.077703
1.400000,-0.000015,-0.399139,-1.294159,-0.035107,-0.988057
1.402000,0.374741,0.640870,-1.719361,0.294270,-0.871837
1.404000,0.736250,0.528598,0.256440,0.491320,-0.627023
1.406000,1.071648,0.780195,-0.548182,0.884229,-0.153677
1.408000,1.369084,0.906075,0.170147,1.101040,0.641418
1.410000,1.618039,1.565409,1.874567,1.284309,1.342544
1.412000,1.809655,1.887647,2.837523,1.528853,1.968636
1.414000,1.937165,1.282217,1.114756,1.757920,2.445785
1.416000,1.996055,2.002915,3.051438,1.978877,2.535036
1.418000,1.984228,2.051413,3.350639,2.071256,2.569953
1.420000,1.902112,2.670191,-0.347174,2.080088,1.065644
1.422000,1.752601,2.349545,2.225504,2.041110,2.026363
1.424000,1.541015,1.229979,2.694935,1.468542,1.678532
1.426000,1.274840,1.530041,1.571590,1.400407,1.570153
1.428000,0.963505,0.857491,1.715588,0.859165,1.787882
1.430000,0.618038,0.643633,-0.357665,0.599569,0.221765
1.432000,0.250648,0.036180,3.601615,0.153057,2.686383
1.434000,-0.125592,-0.233600,-0.815084,-0.255493,-0.476369
1.436000,-0.497383,-0.455777,-1.055176,-0.600336,-0.829401
1.438000,-0.851555,-1.373103,-0.326092,-1.003832,-1.192415
1.440000,-1.175586,-1.368050,-2.176756,-1.276970,-1.387518
1.442000,-1.457945,-1.338959,-1.588968,-1.553552,-1.615172
1.444000,-1.688658,-1.848963,-1.790596,-1.611239,-2.022718
1.446000,-1.859552,-1.838683,-2.193446,-1.745250,-1.781921
1.448000,-1.964572,-1.661542,-2.363823,-1.875055,-1.936715
1.450000,-2.000000,-2.038102,-0.972774,-1.908688,-1.925800
1.452000,-1.964574,-1.987986,-2.362937,-1.863523,-1.997038
1.454000,-1.859554,-2.017129,-1.736018,-1.826273,-1.510904
1.456000,-1.688661,-1.612856,-2.549638,-1.537547,-1.557120
1.458000,-1.457949,-1.475291,0.066846,-1.365523,-1.035683
1.460000,-1.175566,-0.340090,-0.259190,-0.767883,-0.735182
1.462000,-0.851561,-1.148646,-0.700415,-0.761755,-0.686235
1.464000,-0.497389,-0.244920,-0.233512,-0.376992,-1.018413
1.466000,-0.125598,-0.490806,-2.304905,-0.318244,-0.966584
1.468000,0.250672,0.330347,-1.594044,0.230563,-0.914207
1.470000,0.618032,0.673997,0.664636,0.567605,0.453632
1.472000,0.963499,0.807011,0.837374,0.912107,0.875110
1.474000,1.274835,1.242902,2.463645,1.138569,1.481429
1.476000,1.541031,1.506277,2.219803,1.418417,1.527120
1.478000,1.752613,1.462656,1.221688,1.731988,1.698620
1.480000,1.902110,2.073241,0.893088,1.948729,1.248522
1.482000,1.984231,2.374865,1.694876,2.030258,1.071819
1.484000,1.996053,2.326604,0.213156,2.108382,1.132739
1.486000,1.937166,1.913924,1.336285,1.972378,1.159945
1.488000,1.809657,1.853274,1.526288,1.882710,1.130423
1.490000,1.618025,1.393226,1.029119,1.570652,0.918321
1.492000,1.369089,1.926524,1.547269,1.381960,0.822962
1.494000,1.071653,0.766313,-0.847355,0.978148,0.210269
1.496000,0.736227,0.970461,0.859490,0.900703,0.063906
1.498000,0.374747,0.273970,-0.991941,0.386839,-0.273986
1.500000,-0.000008,0.368117,-1.010222,0.196572,-0.478740
1.502000,-0.374763,-0.423373,0.620098,-0.414165,-1.051655
1.504000,-0.736243,-0.602543,-1.737755,-0.669243,-1.280303
1.506000,-1.071667,-1.625868,-2.138456,-1.443869,-1.591358
1.508000,-1.369101,-1.576780,-2.006814,-1.501385,-1.716285
1.510000,-1.618035,-2.144048,-2.217546,-1.793912,-1.981105
1.512000,-1.809651,-1.513695,-0.480857,-1.955101,-1.985261
1.514000,-1.937171,-2.109169,-3.061852,-2.038771,-1.809904
1.516000,-1.996054,-2.431815,-2.159235,-1.969693,-1.900141
1.518000,-1.984229,-1.995128,-1.130033,-2.093612,-2.233774
1.520000,-1.902115,-1.798658,-2.668726,-1.968009,-1.645575
1.522000,-1.752620,-2.133291,-2.149024,-1.667580,-1.389412
1.524000,-1.541020,-1.481155,0.188996,-1.508284,-1.409621
1.526000,-1.274846,-0.929667,-1.188272,-1.157542,-1.139442
1.528000,-0.963512,-1.198647,-1.231081,-0.873067,-0.727524
1.530000,-0.618046,-0.477967,-1.317831,-0.454083,-0.749494
1.532000,-0.250686,-0.277901,-0.089430,-0.253895,-0.372267
1.534000,0.125584,0.732438,0.079143,0.354797,-0.211485
1.536000,0.497376,0.049099,0.697866,0.406311,0.110523
1.538000,0.851548,0.962148,-0.427174,0.808282,0.573030
1.540000,1.175555,1.116922,0.292212,0.988061,0.876759
1.542000,1.457940,1.180802,2.540839,1.326733,1.841221
1.544000,1.688654,1.550678,1.452325,1.435728,1.987531
1.546000,1.859549,1.823117,2.941525,1.530290,2.529471
1.548000,1.964571,1.507119,3.124908,1.724281,2.378368
1.550000,2.000000,1.589736,2.587759,1.766131,2.301317
1.552000,1.964575,2.150754,1.785325,1.758936,2.458986
1.554000,1.859557,1.759928,1.067067,1.738948,1.990443
1.556000,1.688649,1.787144,3.729873,1.734232,1.889789
1.558000,1.457934,1.407179,1.044528,1.511972,1.229490
1.560000,1.175572,1.566154,1.822153,1.299812,1.547704
1.562000,0.851540,1.039455,-0.586332,0.929073,0.377154
1.564000,0.497367,0.216137,-0.749420,0.303717,0.123514
1.566000,0.125575,-0.177190,0.354840,-0.149710,-0.170986
1.568000,-0.250665,-0.444924,-0.223672,-0.407310,-0.455291
1.570000,-0.618054,-1.185669,0.349653,-0.685634,-0.526667
1.572000,-0.963520,-0.444903,-2.007857,-0.968826,-0.935466
1.574000,-1.274853,-1.175482,-1.106300,-1.276706,-1.412784
1.576000,-1.541026,-1.686211,-1.689152,-1.615512,-2.148503
1.578000,-1.752609,-2.064490,-3.222585,-1.794673,-2.363801
1.580000,-1.902117,-2.339256,-2.716622,-2.011035,-2.667189
1.582000,-1.984230,-1.707925,-3.084343,-2.162755,-2.680711
1.584000,-1.996053,-2.257295,-2.623245,-2.136012,-2.429355
1.586000,-1.937168,-2.444810,-1.756762,-2.102090,-2.111130
1.588000,-1.809648,-1.930772,-1.965803,-2.063258,-1.490096
1.590000,-1.618029,-2.169646,-1.125497,-1.924566,-1.097272
1.592000,-1.369094,-1.513768,0.020827,-1.466442,-1.303779
1.594000,-1.071660,-0.662300,-0.659123,-0.943802,-0.979731
1.596000,-0.736263,-0.946087,-2.789298,-0.741693,-1.223786
1.598000,-0.374755,-0.459728,-0.345566,-0.402680,-0.866091
1.600000,0.000001,-0.072368,-1.726964,-0.108692,-1.155339
1.602000,0.374756,0.127082,0.427724,0.240400,-0.511015
1.604000,0.736236,0.730504,-0.270736,0.665791,-0.207270
1.606000,1.071635,1.169166,-0.639535,1.116073,0.402155
1.608000,1.369095,1.273406,1.173161,1.422199,0.690458
1.610000,1.618030,2.059833,1.320163,1.625830,1.157760
1.612000,1.809648,2.020810,1.869239,1.826488,1.764027
1.614000,1.937161,1.605937,2.065774,2.011662,1.668430
1.616000,1.996054,2.172456,2.391798,1.904781,2.265676
1.618000,1.984230,2.199276,0.695174,1.789267,2.017439
1.620000,1.902117,1.525428,4.138406,1.761877,2.716609
1.622000,1.752609,1.443238,2.334518,1.630376,2.137564
1.624000,1.541025,1.468988,1.440181,1.385878,2.425243
1.626000,1.274852,1.514948,1.697688,1.144976,1.534294
1.628000,0.963491,0.976790,2.515424,1.001268,1.212436
1.630000,0.618024,0.320917,-0.399093,0.503154,0.454796
1.632000,0.250663,0.724697,0.432784,0.473996,0.666967
1.634000,-0.125577,-0.338622,-0.377564,-0.281176,0.354716
1.636000,-0.497398,-1.003339,1.532991,-0.854366,0.312907
1.638000,-0.851569,-0.831909,0.584463,-0.983891,-0.002480
1.640000,-1.175574,-1.570555,-0.608138,-1.330224,-0.457626
1.642000,-1.457935,-1.175028,-1.537432,-1.445427,-0.776648
1.644000,-1.688666,-2.070290,-1.785807,-1.986485,-1.721675
1.646000,-1.859557,-2.572852,-0.536324,-2.095515,-1.689597
1.648000,-1.964575,-2.440412,-3.957177,-2.226214,-2.601552
1.650000,-2.000000,-2.049428,-2.492205,-2.082414,-2.500171
1.652000,-1.964576,-1.998090,-1.034006,-1.900113,-1.626794
1.654000,-1.859548,-1.351287,-4.541665,-1.574154,-3.365174
1.656000,-1.688653,-1.661346,-0.558687,-1.456031,-0.837988
1.658000,-1.457939,-0.810621,-0.851563,-1.165600,-0.955055
1.660000,-1.175578,-1.458810,0.258629,-1.027945,-0.311970
1.662000,-0.851574,-0.545934,-0.147402,-0.743346,-0.524384
1.664000,-0.497374,-0.663016,-0.260827,-0.577405,-0.272963
1.666000,-0.125583,-0.238348,-1.620757,-0.131286,-0.373226
1.668000,0.250657,0.128247,0.405540,0.183466,0.234589
1.670000,0.618018,1.139116,-0.242684,0.982342,0.123886
1.672000,0.963513,0.822532,2.311760,0.989103,0.700006
1.674000,1.274847,1.877156,1.289061,1.507805,1.168117
1.676000,1.541021,1.460418,-0.263648,1.664944,1.047517
1.678000,1.752606,2.155801,2.476179,1.982837,1.729627
1.680000,1.902106,2.169737,0.415939,2.011034,1.123990
1.682000,1.984229,2.251074,2.928265,2.109017,1.842729
1.684000,1.996054,2.018142,1.948000,2.140661,1.407524
1.686000,1.937170,1.950331,1.445260,2.000924,1.541149
1.688000,1.809651,2.314018,0.172722,1.890189,1.055539
1.690000,1.618034,1.471054,1.211500,1.896858,0.856731
1.692000,1.369100,1.697402,0.500212,1.676176,0.589163
1.694000,1.071640,2.051487,0.953960,1.530804,0.641661
1.696000,0.736242,0.828087,0.107421,0.895530,0.165386
1.698000,0.374762,0.525275,0.435210,0.552429,-0.227538
1.700000,-0.000024,-0.060728,-1.169873,-0.043650,-0.805713
1.702000,-0.374779,-0.301122,-1.464408,-0.347101,-1.379885
1.704000,-0.736257,-1.118289,-1.936913,-0.936429,-1.617229
1.706000,-1.071655,-0.914129,-2.715142,-1.066442,-1.531203
1.708000,-1.369090,-1.737519,-0.799807,-1.573266,-1.613560
1.710000,-1.618044,-1.261151,-0.739745,-1.497858,-1.310846
1.712000,-1.809658,-2.489150,-3.959740,-1.768753,-2.659239
1.714000,-1.937167,-1.416845,-0.679468,-1.870838,-1.563655
1.716000,-1.996053,-1.939100,-2.424567,-1.888676,-2.570540
1.718000,-1.984227,-2.247944,-2.376514,-1.726404,-2.082920
1.720000,-1.902110,-1.350341,-3.704453,-1.801934,-2.385572
1.722000,-1.752612,-1.677792,-0.677737,-1.679460,-1.711968
1.724000,-1.541030,-1.794494,-0.859467,-1.352200,-1.165062
1.726000,-1.274858,-1.326727,-2.596170,-1.218946,-0.924844
1.728000,-0.963498,-0.611644,0.294664,-0.926719,-0.659094
1.730000,-0.618031,-0.578250,0.230452,-0.535121,-0.687501
1.732000,-0.250671,-0.545236,-0.996988,-0.271382,-0.330428
1.734000,0.125569,0.501485,-1.844087,0.244436,-0.486025
1.736000,0.497361,0.802408,0.663820,0.588079,0.594056
1.738000,0.851562,0.432747,1.134549,0.762963,1.175394
1.740000,1.175568,1.202287,3.242140,1.007200,2.171862
1.742000,1.457930,0.875889,3.220060,1.104999,2.303056
1.744000,1.688646,1.722667,1.181829,1.690158,2.698083
1.746000,1.859555,2.271065,2.736701,1.966871,2.691456
1.748000,1.964574,2.305132,3.109684,1.988606,2.486622
1.750000,2.000000,2.184819,3.209008,1.978433,2.750951
1.752000,1.964578,1.459349,2.195888,1.851221,2.641480
1.754000,1.859551,1.671802,2.503473,1.658162,2.503453
1.756000,1.688657,1.635003,2.189349,1.530001,2.519452
1.758000,1.457944,1.339835,2.419546,1.345954,2.146990
1.760000,1.175560,1.544014,3.289001,1.228377,2.119593
1.762000,0.851554,0.539118,0.333583,1.017977,1.184689
1.764000,0.497382,1.083913,0.588015,0.823207,0.733600
1.766000,0.125560,0.583007,0.847780,0.390323,0.171949
1.768000,-0.250680,-0.067780,-0.783263,-0.038898,0.105754
1.770000,-0.618040,-0.377336,-0.126368,-0.403410,-0.414145
1.772000,-0.963506,-1.167879,0.002606,-0.766339,-0.616357
1.774000,-1.274865,-1.110865,-2.802162,-1.141141,-1.227394
1.776000,-1.541036,-1.107837,0.045283,-1.486694,-0.746548
1.778000,-1.752617,-1.961871,-1.318462,-1.621695,-1.149537
1.780000,-1.902113,-2.085020,-0.381416,-1.845675,-1.059880
1.782000,-1.984228,-1.842880,-1.290928,-2.009357,-1.364171
1.784000,-1.996053,-2.230765,-2.353878,-1.869226,-1.600206
1.786000,-1.937164,-1.926249,-1.476171,-1.766545,-1.417545
1.788000,-1.809654,-1.261214,-2.498639,-1.653915,-1.789711
1.790000,-1.618038,-1.571618,0.609474,-1.437521,-0.947286
1.792000,-1.369083,-1.279728,-2.066705,-1.250351,-1.708513
1.794000,-1.071647,-1.148797,-2.618164,-1.086279,-1.897533
1.796000,-0.736249,-0.990400,-1.139817,-0.786996,-1.547414
1.798000,-0.374769,-0.440854,-2.542360,-0.393047,-1.698415
1.800000,-0.000014,0.080127,0.252721,0.055784,-0.305370
1.802000,0.374771,0.894476,-1.813370,0.469328,-1.314902
1.804000,0.736250,0.601281,1.199196,0.793148,1.151958
1.806000,1.071648,0.853107,2.335124,1.074694,2.086140
1.808000,1.369084,1.537006,3.274351,1.473838,2.544241
1.810000,1.618021,2.333721,2.579260,1.841809,3.041016
1.812000,1.809655,1.796953,3.333277,1.988179,2.811297
1.814000,1.937165,2.153119,3.683070,2.064279,2.469471
1.816000,1.996053,2.120095,1.186525,1.979195,2.413279
1.818000,1.984232,1.917506,1.401295,2.011572,2.351551
1.820000,1.902112,1.908302,2.667248,1.921335,2.087366
1.822000,1.752616,1.958839,2.819618,1.696598,2.413968
1.824000,1.541034,1.701932,2.362144,1.558599,2.187309
1.826000,1.274840,0.996409,2.819533,1.453524,2.012369
1.828000,0.963505,1.227512,0.268001,1.147620,1.384196
1.830000,0.618038,1.382926,1.792551,0.841194,1.209939
1.832000,0.250648,0.429323,0.331673,0.494030,0.267671
1.834000,-0.125592,0.143690,-0.472826,0.111897,-0.491941
1.836000,-0.497383,-0.391451,-0.581044,-0.384126,-0.935903
1.838000,-0.851583,-1.486154,-3.758919,-1.269246,-2.955122
1.840000,-1.175586,-0.580437,-2.871555,-0.896401,-2.517356
1.842000,-1.457945,-2.059419,-3.237598,-1.818728,-2.743982
1.844000,-1.688658,-2.126977,-0.646658,-1.911805,-2.247073
1.846000,-1.859552,-2.116816,-2.810144,-2.094430,-2.397302
1.848000,-1.964578,-2.007409,-1.669409,-2.048465,-1.871569
1.850000,-2.000000,-2.161528,-3.386676,-1.950943,-2.059830
1.852000,-1.964574,-1.829597,-0.976427,-1.784282,-1.631322
1.854000,-1.859554,-1.639365,-1.456496,-1.693904,-1.462012
1.856000,-1.688661,-1.283510,-0.667601,-1.433316,-1.343821
1.858000,-1.457928,-1.555518,-0.823416,-1.223348,-0.924313
1.860000,-1.175566,-0.858591,-2.795164,-0.951636,-1.395471
1.862000,-0.851560,-0.779756,0.888231,-0.911895,-0.191969
1.864000,-0.497389,-0.280805,-0.064463,-0.497290,-0.475689
1.866000,-0.125568,-1.084807,-1.606748,-0.472483,-0.717138
1.868000,0.250672,0.339046,-0.249191,0.125716,0.064388
1.870000,0.618033,-0.036257,2.827053,0.065476,2.187044
1.872000,0.963500,0.815714,2.158296,0.800924,1.602785
1.874000,1.274835,1.201708,1.912991,1.110327,1.535702
1.876000,1.541031,1.640072,0.496927,1.411628,1.267641
1.878000,1.752613,1.602226,0.014911,1.703989,1.108162
1.880000,1.902110,1.798421,3.210500,1.890175,2.318295
1.882000,1.984227,2.277516,1.470081,1.919337,1.860043
1.884000,1.996055,2.132642,3.079157,2.045925,2.423491
1.886000,1.937166,1.785879,2.364227,1.869394,2.281456
1.888000,1.809657,2.235167,1.993490,1.826515,2.496888
1.890000,1.618043,0.954078,2.500327,1.205422,2.279011
1.892000,1.369088,0.798506,2.547239,0.888927,1.929805
1.894000,1.071653,0.872708,1.989770,0.532186,1.641898
1.896000,0.736256,0.103139,0.618197,0.364509,0.681469
1.898000,0.374747,-0.067501,-1.010236,0.152575,-0.301892
1.900000,-0.000009,0.115693,-0.449767,-0.160531,-0.757423
1.902000,-0.374764,-0.261166,-1.169332,-0.374461,-1.039439
1.904000,-0.736272,-0.692818,-1.775979,-0.706214,-1.059326
1.906000,-1.071668,-0.966511,-0.791882,-1.046669,-1.368207
1.908000,-1.369101,-1.786196,-1.109672,-1.490036,-1.566211
1.910000,-1.618035,-1.783849,-1.994172,-1.736499,-1.901300
1.912000,-1.809652,-1.969449,-2.159351,-2.041445,-2.008792
1.914000,-1.937171,-2.176492,-3.451422,-2.092215,-2.173940
1.916000,-1.996054,-2.491242,-1.329346,-2.137065,-2.141868
1.918000,-1.984229,-2.040042,-1.935410,-2.095341,-2.077944
1.920000,-1.902115,-2.008102,-1.833814,-1.936703,-1.885909
1.922000,-1.752605,-1.760828,-1.839729,-1.722540,-1.999820
1.924000,-1.541020,-1.383303,-2.491248,-1.605310,-1.716131
1.926000,-1.274846,-1.420423,-1.898899,-1.282464,-1.542161
1.928000,-0.963511,-1.453896,-0.516963,-1.154095,-1.438400
1.930000,-0.618045,-0.263578,-0.963968,-0.471999,-0.953476
1.932000,-0.250656,0.011860,-1.320920,-0.057435,-0.436277
1.934000,0.125585,-0.143940,-0.066629,0.212481,0.051290
1.936000,0.497376,0.974205,0.687094,0.523090,0.464741
1.938000,0.851548,0.822713,2.388190,0.820780,1.589720
1.940000,1.175580,0.896789,0.083974,1.194316,0.778450
1.942000,1.457940,1.550821,2.868976,1.284059,1.885365
1.944000,1.688654,1.727050,-0.185942,1.585447,0.301605
1.946000,1.859549,1.422924,-0.341816,1.826898,0.391866
1.948000,1.964571,2.329652,0.175166,1.980543,0.560159
1.950000,2.000000,2.104041,0.983652,1.985522,1.124158
1.952000,1.964575,2.319050,2.703113,2.000456,1.415434
1.954000,1.859557,1.751941,2.447359,1.862332,1.649444
1.956000,1.688665,1.497597,0.767879,1.735304,1.711457
1.958000,1.457934,1.639033,1.345217,1.460884,1.584188
1.960000,1.175572,1.468901,1.293719,1.206413,1.132580
1.962000,0.851567,0.946950,2.066768,0.967914,0.907255
1.964000,0.497367,0.479582,0.189317,0.545510,1.022122
1.966000,0.125575,0.327553,-0.358746,0.269014,0.689431
1.968000,-0.250665,-0.299715,2.264471,-0.077549,1.141278
1.970000,-0.618054,-0.109301,0.229414,-0.323846,0.034036
1.972000,-0.963520,-0.785864,-2.070595,-0.787037,-1.244331
1.974000,-1.274853,-1.428977,-1.004973,-1.176346,-1.170791
1.976000,-1.541026,-1.312772,-0.736988,-1.326367,-1.551510
1.978000,-1.752624,-1.701593,-2.270815,-1.546077,-1.511343
1.980000,-1.902118,-1.402630,-1.674178,-1.583202,-1.752902
1.982000,-1.984230,-1.884415,-1.869762,-1.684013,-1.623115
1.984000,-1.996053,-1.614600,-2.212766,-1.675969,-1.419942
1.986000,-1.937168,-1.816829,-0.088055,-1.591760,-1.409116
1.988000,-1.809648,-1.661371,-1.254946,-1.445856,-1.436317
1.990000,-1.618029,-0.981584,-1.620051,-1.439877,-1.417121
1.992000,-1.369094,-1.154898,-2.005768,-1.152259,-1.411843
1.994000,-1.071660,-1.584701,-2.116784,-1.073244,-1.267488
1.996000,-0.736234,-0.378741,-0.061667,-0.586987,-0.614419
1.998000,-0.374754,0.058039,0.649640,-0.261407,-0.172837
