Time,Clean,LessNoisy,Noisy,KalmanLessNoisy,KalmanNoisy
0.000000,0.000000,-0.219392,0.857584,-0.219392,0.857584
0.002000,0.374763,0.491488,0.000842,0.137801,0.567288
0.004000,0.736249,0.735335,2.551197,0.362450,1.080368
0.006000,1.071654,1.258502,2.998383,0.651405,1.486493
0.008000,1.369094,1.343949,1.687937,0.857091,1.523055
0.010000,1.618034,1.533207,1.782861,1.049230,1.564811
0.012000,1.809654,2.128133,0.901396,1.348680,1.468068
0.014000,1.937166,1.847383,2.603528,1.485362,1.621147
0.016000,1.996053,1.659811,0.968386,1.532853,1.538575
0.018000,1.984229,2.546918,0.490515,1.807932,1.412699
0.020000,1.902113,1.871682,0.028479,1.825192,1.253340
0.022000,1.752613,1.786085,2.826525,1.814615,1.428294
0.024000,1.541026,1.335959,2.016049,1.685223,1.491834
0.026000,1.274848,0.718078,0.406444,1.423857,1.377183
0.028000,0.963507,0.938604,0.103842,1.292740,1.245206
0.030000,0.618034,1.147820,0.771790,1.253585,1.196895
0.032000,0.250666,0.651587,0.360272,1.090943,1.112598
0.034000,-0.125581,0.025723,-0.758615,0.803160,0.926010
0.036000,-0.497380,-0.180877,-0.541065,0.537313,0.780964
0.038000,-0.851558,-0.714112,0.154525,0.199230,0.719461
0.040000,-1.175570,-1.320578,-2.078127,-0.211357,0.446365
0.042000,-1.457937,-1.762130,0.525368,-0.630309,0.454041
0.044000,-1.688656,-1.360085,-2.108785,-0.827463,0.205985
0.046000,-1.859553,-2.200237,-2.974590,-1.198327,-0.100897
0.048000,-1.964574,-1.893856,-0.006268,-1.386228,-0.091790
0.050000,-2.000000,-2.325149,-4.973582,-1.639884,-0.560615
0.052000,-1.964574,-1.991808,-2.535493,-1.734958,-0.749946
0.054000,-1.859553,-2.642995,-2.721650,-1.980270,-0.938707
0.056000,-1.688656,-1.784182,-1.666235,-1.927296,-1.008276
0.058000,-1.457937,-1.637107,-1.587095,-1.848899,-1.063572
0.060000,-1.175571,-1.241405,-1.091180,-1.684781,-1.066207
0.062000,-0.851559,-1.287529,-0.922187,-1.577461,-1.052468
0.064000,-0.497380,-0.755135,-0.788367,-1.355304,-1.027286
0.066000,-0.125581,-0.324974,0.831233,-1.076954,-0.850154
0.068000,0.250667,0.453960,0.221159,-0.663368,-0.748085
0.070000,0.618034,0.846752,-0.152032,-0.255400,-0.691312
0.072000,0.963507,0.803140,0.795535,0.030571,-0.549726
0.074000,1.274848,1.016006,1.430909,0.296793,-0.361156
0.076000,1.541026,1.440919,2.170557,0.605885,-0.120156
0.078000,1.752614,1.714376,2.697088,0.905351,0.147990
0.080000,1.902113,1.376318,1.744507,1.032586,0.299930
0.082000,1.984229,2.129427,3.165518,1.328904,0.572625
0.084000,1.996053,2.165975,0.292900,1.555044,0.546008
0.086000,1.937166,2.299522,0.589617,1.756169,0.550157
0.088000,1.809654,1.433644,1.367365,1.669037,0.627911
0.090000,1.618033,1.594622,0.050721,1.648933,0.572996
0.092000,1.369095,1.089126,0.530063,1.497698,0.568911
0.094000,1.071654,1.424775,1.408700,1.477997,0.648806
0.096000,0.736249,0.837389,1.083494,1.304933,0.690159
0.098000,0.374763,0.535824,1.208411,1.097153,0.739462
0.100000,-0.000000,-0.208484,-1.185987,0.744427,0.556292
0.102000,-0.374763,-0.389879,-0.845886,0.437987,0.422903
0.104000,-0.736249,-0.643087,-1.577887,0.145929,0.232570
0.106000,-1.071654,-1.407816,-0.656692,-0.273825,0.147976
0.108000,-1.369095,-0.565898,-2.187692,-0.352731,-0.074211
0.110000,-1.618034,-1.769487,-2.237662,-0.735476,-0.280014
0.112000,-1.809654,-2.061407,-0.931995,-1.093685,-0.342035
0.114000,-1.937166,-2.431241,-1.124159,-1.455034,-0.416435
0.116000,-1.996053,-1.717028,-1.344059,-1.525813,-0.504677
0.118000,-1.984229,-2.191572,-1.507947,-1.705672,-0.600114
0.120000,-1.902113,-1.192877,-2.882965,-1.567137,-0.817272
0.122000,-1.752613,-1.848866,-1.507493,-1.643248,-0.882929
0.124000,-1.541026,-1.673869,-2.781249,-1.651520,-1.063508
0.126000,-1.274848,-1.201089,-1.175263,-1.529834,-1.074139
0.128000,-0.963507,-0.950155,-2.190627,-1.373230,-1.180345
0.130000,-0.618035,-0.997203,-1.556546,-1.271644,-1.216131
0.132000,-0.250666,-0.871020,-1.736518,-1.163413,-1.265633
0.134000,0.125582,0.081498,-0.741203,-0.827092,-1.215747
0.136000,0.497381,0.285470,2.400416,-0.526527,-0.871759
0.138000,0.851558,0.987738,1.324620,-0.117439,-0.662828
0.140000,1.175570,0.934830,1.959081,0.166838,-0.413419
0.142000,1.457938,1.373148,1.317961,0.492730,-0.248721
0.144000,1.688656,1.790314,1.391436,0.843281,-0.092702
0.146000,1.859553,1.315295,0.285044,0.970798,-0.056768
0.148000,1.964574,1.723006,2.410111,1.174012,0.177893
0.150000,2.000000,2.148759,2.314726,1.437346,0.381159
0.152000,1.964575,1.744283,1.064826,1.520267,0.446193
0.154000,1.859553,1.729114,1.850969,1.576688,0.579822
0.156000,1.688656,1.561059,3.915148,1.572466,0.897095
0.158000,1.457937,1.730506,0.865318,1.615161,0.894072
0.160000,1.175571,1.308380,2.633909,1.532282,1.059574
0.162000,0.851558,0.664585,0.831850,1.297869,1.037912
0.164000,0.497379,0.655633,-0.581981,1.124365,0.883820
0.166000,0.125582,0.140159,0.353468,0.858475,0.833370
0.168000,-0.250666,0.137120,-0.405878,0.663597,0.715487
0.170000,-0.618035,-0.414722,-0.522466,0.372282,0.597726
0.172000,-0.963509,-0.978902,-1.264705,0.007251,0.420563
0.174000,-1.274847,-1.278814,-1.947061,-0.340187,0.195343
0.176000,-1.541025,-1.859746,-1.695538,-0.750705,0.015473
0.178000,-1.752614,-1.806711,-1.865464,-1.035992,-0.163451
0.180000,-1.902114,-1.764540,-2.997760,-1.232814,-0.433065
0.182000,-1.984229,-2.274266,-1.877979,-1.514169,-0.570512
0.184000,-1.996054,-1.917615,-1.155398,-1.623162,-0.626149
0.186000,-1.937167,-1.293774,-2.817724,-1.534176,-0.834623
0.188000,-1.809654,-1.436104,-0.503785,-1.507681,-0.803152
0.190000,-1.618034,-1.067001,-1.901851,-1.388629,-0.907665
0.192000,-1.369095,-1.589969,-3.822848,-1.443022,-1.184972
0.194000,-1.071654,-0.825774,-1.544047,-1.276269,-1.219129
0.196000,-0.736249,-0.298639,0.794558,-1.012156,-1.027577
0.198000,-0.374763,-0.502819,1.749348,-0.874555,-0.763422
0.200000,0.000000,0.174856,0.618282,-0.591050,-0.631988
0.202000,0.374763,0.719417,0.426495,-0.237020,-0.531300
0.204000,0.736250,0.515279,1.454790,-0.033781,-0.342373
0.206000,1.071654,1.098990,0.773350,0.272244,-0.236240
0.208000,1.369095,1.159725,2.396900,0.512002,0.014237
0.210000,1.618032,1.559206,2.855410,0.794911,0.284504
0.212000,1.809655,2.556505,2.564866,1.270816,0.501423
0.214000,1.937167,2.184745,1.070091,1.517720,0.555517
0.216000,1.996054,1.888042,1.184973,1.617765,0.615394
0.218000,1.984230,1.800027,2.324525,1.667004,0.777975
0.220000,1.902112,1.485926,3.107675,1.618085,0.999588
0.222000,1.752612,2.041850,3.232265,1.732568,1.211971
0.224000,1.541025,1.230289,1.730732,1.596874,1.261318
0.226000,1.274849,1.170765,0.811874,1.481758,1.218565
0.228000,0.963509,0.650142,0.593761,1.257092,1.159130
0.230000,0.618032,0.955867,1.176432,1.175714,1.160776
0.232000,0.250668,-0.249686,-0.143380,0.790633,1.036718
0.234000,-0.125580,0.065743,-1.597022,0.594800,0.786184
0.236000,-0.497379,-1.045905,0.864775,0.151553,0.793660
0.238000,-0.851561,-1.114774,-0.831602,-0.190553,0.639057
0.240000,-1.175570,-0.971213,-1.654752,-0.401453,0.420859
0.242000,-1.457937,-1.457502,-3.930855,-0.686751,0.006902
0.244000,-1.688656,-0.784960,-0.743934,-0.713283,-0.064521
0.246000,-1.859553,-1.659747,-2.461430,-0.968976,-0.292527
0.248000,-1.964574,-2.083178,-1.684546,-1.269985,-0.424943
0.250000,-2.000000,-1.586971,-2.350816,-1.355621,-0.608141
0.252000,-1.964574,-2.228610,-2.917068,-1.591464,-0.827778
0.254000,-1.859553,-1.203915,-1.686445,-1.486765,-0.909458
0.256000,-1.688655,-1.423677,0.376193,-1.469722,-0.787161
0.258000,-1.457939,-1.515191,-1.971626,-1.482005,-0.899833
0.260000,-1.175573,-1.374872,-1.259073,-1.453063,-0.934006
0.262000,-0.851561,-0.628172,-0.333103,-1.230213,-0.876845
0.264000,-0.497379,-0.510153,-1.649881,-1.035685,-0.950380
0.266000,-0.125580,0.189844,-1.241825,-0.704600,-0.978104
0.268000,0.250668,0.296030,0.215451,-0.434274,-0.864567
0.270000,0.618036,0.665023,0.945569,-0.137292,-0.692378
0.272000,0.963509,1.081442,0.590796,0.191956,-0.570316
0.274000,1.274847,1.710516,1.279009,0.602205,-0.394399
0.276000,1.541025,1.331091,0.696422,0.799118,-0.290635
0.278000,1.752613,2.197173,1.274350,1.176811,-0.141766
0.280000,1.902113,2.019705,3.946285,1.404524,0.247110
0.282000,1.984230,1.993109,2.121864,1.563534,0.425446
0.284000,1.996053,2.135475,2.352868,1.718047,0.608792
0.286000,1.937166,3.002179,1.982716,2.064964,0.739486
0.288000,1.809654,2.123264,1.331965,2.080714,0.795846
0.290000,1.618034,0.881382,1.630650,1.756707,0.875256
0.292000,1.369095,1.726293,0.838513,1.748490,0.871761
0.294000,1.071654,0.963420,-0.401301,1.536399,0.750661
0.296000,0.736249,0.272590,0.759326,1.194973,0.751485
0.298000,0.374763,0.271717,1.315188,0.945550,0.805108
0.300000,-0.000004,0.316796,-0.108047,0.775688,0.718244
0.302000,-0.374759,-0.154132,-1.444632,0.524491,0.512500
0.304000,-0.736246,-0.755839,-0.894934,0.178602,0.378618
0.306000,-1.071654,-0.756697,-0.772698,-0.074075,0.269099
0.308000,-1.369095,-1.982290,-1.405227,-0.589591,0.109829
0.310000,-1.618034,-1.444349,-1.338925,-0.820509,-0.027983
0.312000,-1.809655,-1.340859,-0.553568,-0.961085,-0.077980
0.314000,-1.937167,-2.271554,-2.334651,-1.315116,-0.292645
0.316000,-1.996054,-2.308371,-2.604805,-1.583450,-0.512589
0.318000,-1.984230,-2.248355,-2.120099,-1.763078,-0.665504
0.320000,-1.902114,-2.164594,-2.576989,-1.871550,-0.847333
0.322000,-1.752614,-1.103949,-0.928797,-1.664178,-0.855083
0.324000,-1.541025,-1.838392,-4.156891,-1.711243,-1.169167
0.326000,-1.274846,-1.627290,-1.158092,-1.688563,-1.168113
0.328000,-0.963505,-0.939859,-1.440603,-1.486296,-1.194034
0.330000,-0.618032,-1.019645,-0.382383,-1.360227,-1.116826
0.332000,-0.250668,0.427357,-0.110414,-0.877300,-1.021091
0.334000,0.125580,0.180391,-0.929246,-0.591558,-1.012354
0.336000,0.497379,0.858991,-0.649320,-0.199683,-0.977821
0.338000,0.851558,0.743538,1.507410,0.055134,-0.741413
0.340000,1.175573,1.515075,3.863324,0.449546,-0.303388
0.342000,1.457940,1.490553,1.689522,0.730780,-0.113813
0.344000,1.688658,2.085131,1.814049,1.096667,0.069575
0.346000,1.859552,2.594362,1.843299,1.501278,0.238301
0.348000,1.964574,1.931624,2.136501,1.617539,0.418867
0.350000,2.000000,1.641616,-0.335511,1.624043,0.347107
0.352000,1.964575,1.930828,1.966398,1.706923,0.501142
0.354000,1.859551,1.623855,3.984021,1.684482,0.832450
0.356000,1.688653,1.924075,0.915884,1.749209,0.840387
0.358000,1.457934,1.207159,0.664623,1.602771,0.823667
0.360000,1.175567,1.278878,1.388858,1.515269,0.877431
0.362000,0.851561,1.215727,1.020236,1.434346,0.891015
0.364000,0.497382,0.326930,-1.517207,1.135171,0.661933
0.366000,0.125583,0.360491,0.856870,0.925886,0.680477
0.368000,-0.250664,-0.764019,0.666357,0.469348,0.679134
0.370000,-0.618032,-0.422753,-0.011577,0.228341,0.613430
0.372000,-0.963506,-0.761523,-0.575658,-0.039077,0.500318
0.374000,-1.274853,-0.710478,-0.137723,-0.220460,0.439624
0.376000,-1.541025,-1.634233,-1.844968,-0.602399,0.222303
0.378000,-1.752613,-1.636128,-1.978189,-0.881668,0.012981
0.380000,-1.902113,-2.192168,-2.762938,-1.235707,-0.251078
0.382000,-1.984229,-0.982617,0.572231,-1.167333,-0.172761
0.384000,-1.996054,-1.155371,-1.232873,-1.164102,-0.273604
0.386000,-1.937167,-1.712255,-0.659557,-1.312189,-0.310318
0.388000,-1.809654,-1.774738,-1.452207,-1.437149,-0.418940
0.390000,-1.618034,-1.740927,1.099061,-1.519217,-0.274540
0.392000,-1.369094,-1.248125,-2.162489,-1.445980,-0.454131
0.394000,-1.071654,-0.879918,-1.422394,-1.293055,-0.546237
0.396000,-0.736249,-0.195062,-1.529866,-0.996425,-0.639805
0.398000,-0.374763,-0.518128,-0.395683,-0.867210,-0.616583
0.400000,0.000000,0.268736,-0.584999,-0.560327,-0.613578
0.402000,0.374763,0.518864,-0.220386,-0.268777,-0.576176
0.404000,0.736250,0.920246,0.507548,0.052445,-0.473087
0.406000,1.071654,1.075850,1.568116,0.328924,-0.278917
0.408000,1.369095,0.997183,1.665924,0.509458,-0.093915
0.410000,1.618035,1.803486,1.033778,0.859048,0.013357
0.412000,1.809655,1.929871,3.651538,1.148337,0.359439
0.414000,1.937167,2.088136,4.652596,1.402230,0.767825
0.416000,1.996054,2.319297,1.515053,1.649981,0.838905
0.418000,1.984229,1.956655,2.972358,1.732831,1.041850
0.420000,1.902115,1.643843,2.182905,1.708790,1.150392
0.422000,1.752612,1.883781,0.623715,1.756065,1.100292
0.424000,1.541025,1.698919,1.946617,1.740627,1.180799
0.426000,1.274846,1.436080,2.334247,1.658352,1.290520
0.428000,0.963505,0.627162,0.066219,1.379769,1.174059
0.430000,0.618032,0.619376,1.950959,1.174344,1.247961
0.432000,0.250664,0.273517,2.771074,0.930980,1.392847
0.434000,-0.125576,0.004781,-0.703090,0.680762,1.193472
0.436000,-0.497375,-0.252891,-0.415391,0.428530,1.040429
0.438000,-0.851555,-0.648058,-0.054995,0.137683,0.936227
0.440000,-1.175573,-0.903112,-0.625930,-0.143494,0.787627
0.442000,-1.457940,-1.482814,-1.428273,-0.505320,0.576839
0.444000,-1.688658,-0.980076,-3.192117,-0.633578,0.218318
0.446000,-1.859554,-1.764336,-1.332858,-0.939059,0.070762
0.448000,-1.964575,-1.940025,-2.697008,-1.209476,-0.192522
0.450000,-2.000000,-2.380179,-1.395234,-1.525749,-0.306930
0.452000,-1.964575,-2.277377,-3.082800,-1.728806,-0.570984
0.454000,-1.859554,-1.831466,-2.740919,-1.756540,-0.777399
0.456000,-1.688658,-1.754637,-0.237842,-1.756026,-0.726074
0.458000,-1.457934,-1.636563,-1.599983,-1.723752,-0.809204
0.460000,-1.175567,-1.404248,-1.433051,-1.637436,-0.868548
0.462000,-0.851554,-0.829614,0.244656,-1.419198,-0.762654
0.464000,-0.497382,-0.531041,-1.720432,-1.179257,-0.853763
0.466000,-0.125583,0.207629,0.349154,-0.804581,-0.739335
0.468000,0.250664,0.116758,0.449096,-0.555676,-0.626286
0.470000,0.618032,0.147555,-0.298136,-0.365694,-0.595071
0.472000,0.963506,1.006359,2.210400,0.004975,-0.328200
0.474000,1.274847,0.860764,-0.208903,0.236172,-0.316852
0.476000,1.541030,1.089489,1.365713,0.466701,-0.156798
0.478000,1.752613,2.026767,3.764046,0.888162,0.216172
0.480000,1.902113,1.700124,2.126763,1.107519,0.397916
0.482000,1.984229,2.012025,2.801180,1.351877,0.626527
0.484000,1.996054,1.656699,2.169612,1.434226,0.773313
0.486000,1.937167,1.776328,1.790546,1.526647,0.870077
0.488000,1.809654,1.672174,2.616650,1.565962,1.036219
0.490000,1.618034,1.808376,-0.272742,1.631452,0.911705
0.492000,1.369094,1.316025,2.601996,1.546237,1.072493
0.494000,1.071654,1.221684,0.899839,1.458557,1.056070
0.496000,0.736249,1.001184,0.954638,1.334995,1.046421
0.498000,0.374763,0.785143,0.332619,1.186449,0.978521
0.500000,-0.000000,-0.297533,-0.632298,0.785542,0.825292
0.502000,-0.374756,-0.467506,0.793479,0.447023,0.822266
0.504000,-0.736250,-0.932539,-0.702815,0.074326,0.677192
0.506000,-1.071654,-1.094693,-2.748691,-0.241492,0.351305
0.508000,-1.369095,-1.313809,-2.582784,-0.531185,0.072200
0.510000,-1.618035,-1.746578,-1.970822,-0.859531,-0.122142
0.512000,-1.809655,-1.561479,-1.161725,-1.049167,-0.221032
0.514000,-1.937167,-1.620399,-1.635402,-1.203489,-0.355574
0.516000,-1.996053,-1.692883,-1.464316,-1.335701,-0.461043
0.518000,-1.984229,-1.841373,-2.127523,-1.472312,-0.619567
0.520000,-1.902115,-1.840826,-1.216736,-1.571868,-0.676372
0.522000,-1.752612,-1.800427,-1.022504,-1.633615,-0.709298
0.524000,-1.541030,-1.265771,-1.367383,-1.534240,-0.771898
0.526000,-1.274846,-1.037209,-1.076080,-1.399964,-0.800834
0.528000,-0.963505,-1.038720,-2.163655,-1.302371,-0.930472
0.530000,-0.618039,-0.120030,-0.424783,-0.982955,-0.882368
0.532000,-0.250664,-0.587692,0.519262,-0.876172,-0.749038
0.534000,0.125576,0.250485,0.920893,-0.571799,-0.590186
0.536000,0.497383,0.700766,0.211555,-0.228007,-0.513921
0.538000,0.851555,0.174173,1.394132,-0.119356,-0.332417
0.540000,1.175573,0.848876,2.107120,0.142218,-0.100357
0.542000,1.457934,1.297493,0.989988,0.454323,0.003362
0.544000,1.688658,1.969808,2.044284,0.863740,0.197505
0.546000,1.859554,1.424923,1.551396,1.015347,0.326294
0.548000,1.964574,2.623440,2.716039,1.449784,0.553618
0.550000,2.000000,2.578294,3.796775,1.754658,0.862123
0.552000,1.964575,2.311738,2.216244,1.905156,0.990934
0.554000,1.859551,1.637658,1.482833,1.832890,1.037726
0.556000,1.688658,1.773181,0.294756,1.816759,0.967051
0.558000,1.457934,1.008367,1.446546,1.598367,1.012663
0.560000,1.175573,1.055909,0.634982,1.451819,0.976736
0.562000,0.851561,0.830910,1.382031,1.284076,1.015290
0.564000,0.497375,0.832467,1.469414,1.162071,1.058488
0.566000,0.125583,0.613332,0.968285,1.013826,1.049908
0.568000,-0.250672,0.256661,0.311221,0.809273,0.979640
0.570000,-0.618032,-1.107536,-0.016172,0.291435,0.884914
0.572000,-0.963512,-0.872375,-1.118084,-0.022975,0.694378
0.574000,-1.274847,-0.320044,-2.251262,-0.103230,0.414175
0.576000,-1.541026,-1.433517,0.165941,-0.462615,0.390561
0.578000,-1.752613,-1.715526,-0.768420,-0.801097,0.280313
0.580000,-1.902113,-1.964782,-0.669281,-1.115474,0.189983
0.582000,-1.984230,-1.805003,-0.156163,-1.301754,0.157056
0.584000,-1.996053,-1.879275,-3.079090,-1.457775,-0.150782
0.586000,-1.937165,-1.219418,-0.307856,-1.393381,-0.165724
0.588000,-1.809654,-2.153147,-2.020806,-1.598637,-0.342188
0.590000,-1.618039,-1.793258,-2.727804,-1.651215,-0.569120
0.592000,-1.369094,-0.924626,-1.554274,-1.454922,-0.662832
0.594000,-1.071654,-0.843545,-0.140547,-1.289755,-0.613150
0.596000,-0.736249,-0.565636,-0.642659,-1.094130,-0.615957
0.598000,-0.374763,-0.172835,-0.819152,-0.845236,-0.635286
0.600000,0.000008,-0.139900,-0.549894,-0.654685,-0.627163
0.602000,0.374763,0.434488,-1.441191,-0.360438,-0.704597
0.604000,0.736243,-0.380739,1.242829,-0.365923,-0.519349
0.606000,1.071654,0.928163,-0.114731,-0.016317,-0.480859
0.608000,1.369089,1.547701,2.159951,0.406212,-0.229653
0.610000,1.618035,1.573304,0.216817,0.721509,-0.187182
0.612000,1.809655,1.858507,2.275491,1.028676,0.047079
0.614000,1.937167,1.827709,0.883242,1.244540,0.126619
0.616000,1.996054,2.476025,1.734981,1.577233,0.279615
0.618000,1.984230,2.337887,0.161106,1.782729,0.268342
0.620000,1.902112,1.988221,3.303696,1.838244,0.557079
0.622000,1.752616,1.353832,0.690327,1.707377,0.569755
0.624000,1.541025,1.892431,2.029421,1.757370,0.708605
0.626000,1.274852,1.642461,1.145939,1.726327,0.750207
0.628000,0.963505,0.130426,0.511653,1.295184,0.727514
0.630000,0.618032,0.491277,2.751217,1.078004,0.920019
0.632000,0.250664,-0.121277,1.036990,0.754011,0.931146
0.634000,-0.125584,-0.160624,-0.028447,0.506916,0.839864
0.636000,-0.497375,0.136320,-2.896021,0.406797,0.484489
0.638000,-0.851561,-0.531184,-1.052230,0.153396,0.338308
0.640000,-1.175567,-0.886053,0.058131,-0.127418,0.311656
0.642000,-1.457940,-2.366452,-1.986318,-0.732307,0.093062
0.644000,-1.688654,-1.612235,-2.550987,-0.970025,-0.158453
0.646000,-1.859554,-1.577055,-0.196284,-1.134018,-0.162052
0.648000,-1.964575,-2.116347,-1.680671,-1.399400,-0.306510
0.650000,-2.000000,-1.660693,-2.811985,-1.469990,-0.544843
0.652000,-1.964574,-2.510840,-1.552113,-1.751182,-0.640660
0.654000,-1.859554,-2.420424,-4.684964,-1.931982,-1.025374
0.656000,-1.688653,-1.569790,-2.914699,-1.834134,-1.205096
0.658000,-1.457939,-1.683315,-1.572306,-1.793389,-1.240027
0.660000,-1.175567,-0.865722,-2.134847,-1.542774,-1.325146
0.662000,-0.851561,-1.064780,-0.327297,-1.413641,-1.230226
0.664000,-0.497382,-0.760445,0.651458,-1.237176,-1.051231
0.666000,-0.125576,0.321877,0.243126,-0.815988,-0.928105
0.668000,0.250664,0.582954,-1.256058,-0.438055,-0.959302
0.670000,0.618039,0.365992,1.366178,-0.220837,-0.738091
0.672000,0.963506,0.926476,2.491733,0.089117,-0.430854
0.674000,1.274853,1.360934,1.928640,0.432706,-0.206407
0.676000,1.541026,1.562421,1.459465,0.737906,-0.047941
0.678000,1.752613,1.450954,1.685369,0.930540,0.116940
0.680000,1.902115,2.026722,0.149283,1.226680,0.120016
0.682000,1.984229,2.065119,1.436509,1.453190,0.245248
0.684000,1.996053,2.036799,2.262878,1.610855,0.437174
0.686000,1.937166,1.611424,-0.416944,1.611009,0.355927
0.688000,1.809651,2.297691,3.453662,1.796520,0.650598
0.690000,1.618034,1.136759,1.662847,1.618282,0.746888
0.692000,1.369100,0.978257,0.878840,1.445375,0.759440
0.694000,1.071654,1.166351,1.866561,1.369995,0.864755
0.696000,0.736256,0.681357,-0.286448,1.183955,0.755247
0.698000,0.374762,0.234378,-0.403158,0.927421,0.645054
0.700000,0.000007,0.286488,0.919019,0.754269,0.671115
0.702000,-0.374763,-0.275854,0.236400,0.475975,0.629763
0.704000,-0.736243,-1.142934,-0.924063,0.038617,0.481955
0.706000,-1.071654,-1.312628,-1.355794,-0.326431,0.307139
0.708000,-1.369100,-1.092237,-2.690844,-0.533318,0.021956
0.710000,-1.618035,-1.887244,-2.816083,-0.899089,-0.248012
0.712000,-1.809658,-1.427459,-2.152416,-1.041832,-0.429168
0.714000,-1.937167,-2.369538,-1.439328,-1.400520,-0.525260
0.716000,-1.996054,-2.067789,-3.578411,-1.580787,-0.815690
0.718000,-1.984229,-2.506061,-2.225658,-1.830755,-0.949813
0.720000,-1.902110,-2.507636,0.671790,-2.013619,-0.795559
0.722000,-1.752612,-1.754709,-2.012689,-1.943673,-0.911338
0.724000,-1.541030,-1.945300,-0.727103,-1.944112,-0.893813
0.726000,-1.274846,-0.842223,-0.110571,-1.646430,-0.819307
0.728000,-0.963512,-0.778238,-0.089396,-1.411883,-0.749874
0.730000,-0.618032,-0.443456,0.305378,-1.150256,-0.649493
0.732000,-0.250671,-0.665981,-0.258833,-1.019426,-0.612332
0.734000,0.125584,0.686249,0.488585,-0.558627,-0.507607
0.736000,0.497375,0.272807,1.050978,-0.334010,-0.359347
0.738000,0.851562,0.237841,0.490391,-0.179521,-0.278516
0.740000,1.175567,1.484111,1.522493,0.269919,-0.107195
0.742000,1.457940,1.348858,2.941362,0.561401,0.182799
0.744000,1.688654,1.654205,1.623947,0.856629,0.319888
0.746000,1.859554,1.938387,1.620214,1.148873,0.443581
0.748000,1.964577,1.991565,1.137864,1.376531,0.509625
0.750000,2.000000,2.079099,3.415484,1.566334,0.786045
0.752000,1.964575,1.973420,2.094531,1.676311,0.910514
0.754000,1.859551,1.948561,-0.188628,1.749861,0.805958
0.756000,1.688657,1.875746,2.854082,1.783870,1.000786
0.758000,1.457934,1.445109,-0.919067,1.692351,0.818160
0.760000,1.175573,0.890788,1.455108,1.475804,0.878750
0.762000,0.851554,1.060363,2.499106,1.363570,1.032886
0.764000,0.497382,0.337105,-0.877395,1.086264,0.851171
0.766000,0.125591,-0.138819,0.410689,0.755300,0.809270
0.768000,-0.250664,-0.519259,0.418004,0.410970,0.772051
0.770000,-0.618025,-0.442067,1.283484,0.180517,0.820701
0.772000,-0.963506,-1.108498,0.280569,-0.167718,0.769321
0.774000,-1.274841,-1.368236,0.166586,-0.492046,0.711986
0.776000,-1.541026,-1.688578,-1.227891,-0.815296,0.527455
0.778000,-1.752616,-1.841603,-3.346944,-1.092559,0.158903
0.780000,-1.902113,-1.711322,-2.835129,-1.259722,-0.125904
0.782000,-1.984230,-2.182194,-2.105902,-1.508934,-0.314251
0.784000,-1.996053,-1.366493,-2.246113,-1.470452,-0.498019
0.786000,-1.937165,-1.835919,-3.702866,-1.569185,-0.802880
0.788000,-1.809654,-1.746818,-0.425255,-1.617174,-0.766958
0.790000,-1.618030,-1.782526,-1.767128,-1.661845,-0.862100
0.792000,-1.369094,-1.070685,-1.106665,-1.502139,-0.885364
0.794000,-1.071647,-0.985989,-1.808715,-1.362698,-0.973198
0.796000,-0.736249,-0.945436,-0.934398,-1.249972,-0.969507
0.798000,-0.374770,-0.291754,-1.143403,-0.991104,-0.986049
0.800000,0.000000,0.309722,0.240705,-0.639677,-0.869354
0.802000,0.374756,0.462684,1.984371,-0.341868,-0.597893
0.804000,0.736250,0.517922,1.561747,-0.109590,-0.392458
0.806000,1.071648,1.132243,2.890150,0.225899,-0.080200
0.808000,1.369095,1.951797,2.092008,0.692161,0.126431
0.810000,1.618030,1.581827,1.894695,0.932510,0.294637
0.812000,1.809655,1.859285,1.431132,1.182884,0.402746
0.814000,1.937169,1.129729,2.876657,1.168524,0.638077
0.816000,1.996054,2.133761,3.462985,1.429289,0.906796
0.818000,1.984228,2.382921,0.768325,1.686918,0.893624
0.820000,1.902112,2.039604,2.121978,1.782198,1.010471
0.822000,1.752609,1.757742,2.115600,1.775591,1.115596
0.824000,1.541025,1.629771,1.791279,1.736197,1.179870
0.826000,1.274852,1.336362,1.374600,1.628179,1.198394
0.828000,0.963505,1.288822,1.454716,1.536500,1.222777
0.830000,0.618039,0.346765,1.218754,1.215086,1.222394
0.832000,0.250664,0.384970,1.555264,0.990825,1.254058
0.834000,-0.125576,-0.341694,0.297259,0.630836,1.163043
0.836000,-0.497383,-0.800329,0.079340,0.244198,1.059956
0.838000,-0.851555,-0.893412,-0.380205,-0.063134,0.922961
0.840000,-1.175561,-1.098362,0.314346,-0.342807,0.865066
0.842000,-1.457934,-1.986023,-1.174795,-0.786732,0.671024
0.844000,-1.688658,-1.063006,-2.312342,-0.861369,0.387232
0.846000,-1.859552,-2.250215,-2.660133,-1.236575,0.097352
0.848000,-1.964575,-2.167984,-3.750923,-1.488201,-0.268715
0.850000,-2.000000,-1.635591,-1.958233,-1.528019,-0.429430
0.852000,-1.964574,-1.883319,-1.393301,-1.624006,-0.521119
0.854000,-1.859554,-2.224077,-2.301212,-1.786119,-0.690450
0.856000,-1.688653,-2.017556,-1.320907,-1.848643,-0.750422
0.858000,-1.457939,-0.844690,-0.803891,-1.577419,-0.755508
0.860000,-1.175566,-0.401625,-3.245101,-1.259771,-0.992330
0.862000,-0.851561,-1.060084,0.277028,-1.205824,-0.871583
0.864000,-0.497375,-0.316317,-1.131855,-0.965518,-0.896341
0.866000,-0.125583,-0.440884,0.088272,-0.823785,-0.802680
0.868000,0.250657,0.596613,0.835851,-0.440056,-0.646815
0.870000,0.618032,0.858312,1.982741,-0.089294,-0.396679
0.872000,0.963499,1.096411,0.879234,0.231032,-0.275307
0.874000,1.274847,0.660834,1.297086,0.347146,-0.125734
0.876000,1.541021,1.209500,-0.097122,0.580116,-0.123012
0.878000,1.752613,2.543339,2.326486,1.110493,0.109996
0.880000,1.902115,1.534950,2.542305,1.225163,0.341370
0.882000,1.984229,2.334369,3.093064,1.524822,0.603124
0.884000,1.996053,1.582693,-0.178169,1.540456,0.528804
0.886000,1.937166,2.590911,1.161985,1.824243,0.589035
0.888000,1.809651,1.828639,3.415068,1.825431,0.857861
0.890000,1.618034,1.804022,2.318762,1.819647,0.996829
0.892000,1.369089,0.837795,-0.501622,1.554394,0.854289
0.894000,1.071654,1.091123,0.309310,1.429238,0.802448
0.896000,0.736242,0.452588,0.517782,1.165390,0.775369
0.898000,0.374762,0.897360,1.698911,1.092980,0.863221
0.900000,0.000007,0.007158,-0.243512,0.799639,0.757943
0.902000,-0.374763,-0.758512,0.006710,0.378694,0.686482
0.904000,-0.736243,-1.232475,0.274646,-0.056573,0.647306
0.906000,-1.071654,-1.815046,-3.348976,-0.531635,0.267160
0.908000,-1.369089,-1.787209,-0.741788,-0.870836,0.171184
0.910000,-1.618035,-2.082954,-0.740988,-1.198298,0.084414
0.912000,-1.809651,-1.834494,-3.410485,-1.370170,-0.248038
0.914000,-1.937167,-2.307950,-2.572582,-1.623517,-0.469160
0.916000,-1.996054,-1.712843,-3.438114,-1.647649,-0.751582
0.918000,-1.984229,-2.245220,-3.891058,-1.809086,-1.050224
0.920000,-1.902110,-2.344021,-0.331037,-1.953602,-0.981811
0.922000,-1.752612,-1.611215,-1.861029,-1.861104,-1.065447
0.924000,-1.541020,-1.444746,-0.492520,-1.748623,-1.010947
0.926000,-1.274846,-0.946094,-0.290279,-1.531814,-0.942394
0.928000,-0.963512,-0.960127,-1.019514,-1.377370,-0.949730
0.930000,-0.618031,-0.916635,-1.419086,-1.252899,-0.994377
0.932000,-0.250671,-0.063139,-0.010666,-0.931478,-0.900802
0.934000,0.125584,-0.033648,-1.122973,-0.688924,-0.921936
0.936000,0.497375,0.328448,1.584169,-0.414074,-0.683543
0.938000,0.851562,0.658304,0.732118,-0.124365,-0.548878
0.940000,1.175567,1.134779,0.631535,0.215801,-0.436591
0.942000,1.457929,1.909600,1.697713,0.673391,-0.233566
0.944000,1.688654,1.679926,1.560101,0.945313,-0.062943
0.946000,1.859554,2.117116,0.449205,1.261883,-0.014225
0.948000,1.964574,2.128761,2.575550,1.496075,0.232127
0.950000,2.000000,2.096684,1.166798,1.658334,0.321037
0.952000,1.964572,2.050423,2.143636,1.764259,0.494412
0.954000,1.859551,1.591808,0.604994,1.717670,0.504931
0.956000,1.688657,1.912686,1.554793,1.770355,0.604799
0.958000,1.457934,0.952912,2.459096,1.549518,0.781189
0.960000,1.175573,1.052292,1.810027,1.415189,0.879057
0.962000,0.851554,1.017414,0.254065,1.307728,0.819605
0.964000,0.497382,0.060534,-0.209687,0.970791,0.721693
0.966000,0.125576,0.884425,-0.229423,0.947458,0.631219
0.968000,-0.250665,-0.117661,0.204123,0.659710,0.590591
0.970000,-0.618039,-0.287485,-1.041649,0.403819,0.435324
0.972000,-0.963506,-0.844185,-1.581753,0.066663,0.243450
0.974000,-1.274841,-1.179071,-1.168689,-0.269880,0.109120
0.976000,-1.541026,-0.878069,-0.664322,-0.434186,0.035547
0.978000,-1.752609,-1.404923,-1.767406,-0.696436,-0.135959
0.980000,-1.902113,-1.107350,-1.594502,-0.807447,-0.274703
0.982000,-1.984230,-2.093544,-0.613755,-1.154894,-0.306955
0.984000,-1.996053,-1.997109,-0.924708,-1.382424,-0.365719
0.986000,-1.937165,-2.127477,-1.826288,-1.583705,-0.504655
0.988000,-1.809654,-1.967640,-3.160748,-1.687427,-0.757316
0.990000,-1.618030,-1.676389,-1.951872,-1.684445,-0.870948
0.992000,-1.369094,-1.604617,-2.336190,-1.662879,-1.010329
0.994000,-1.071647,-1.178712,0.022425,-1.532078,-0.912088
0.996000,-0.736249,-0.501282,0.956779,-1.253602,-0.734312
0.998000,-0.374755,-0.274062,-1.039756,-0.988973,-0.763368
1.000000,0.000000,-0.186194,1.055031,-0.772098,-0.590393
1.002000,0.374756,0.319578,-0.713433,-0.477175,-0.602097
1.004000,0.736236,0.571423,-0.051147,-0.193889,-0.549688
1.006000,1.071661,1.259791,0.126902,0.198831,-0.485327
1.008000,1.369095,0.953714,1.811863,0.402768,-0.266807
1.010000,1.618030,2.090930,0.584532,0.858835,-0.185824
1.012000,1.809655,2.061247,1.977122,1.183674,0.019926
1.014000,1.937169,2.673755,2.793371,1.586229,0.283750
1.016000,1.996054,2.077573,0.994829,1.718968,0.351391
1.018000,1.984230,2.519870,1.691092,1.935337,0.478830
1.020000,1.902112,2.037385,1.774475,1.962906,0.602078
1.022000,1.752616,1.727575,2.876018,1.899330,0.818387
1.024000,1.541025,1.763985,3.083745,1.862766,1.033879
1.026000,1.274840,1.544201,1.867060,1.776703,1.113135
1.028000,0.963505,1.331096,0.880758,1.656320,1.091030
1.030000,0.618039,0.910912,0.608303,1.454943,1.045111
1.032000,0.250679,0.000729,2.249947,1.062078,1.159721
1.034000,-0.125592,-0.917724,0.551416,0.527222,1.101856
1.036000,-0.497383,-0.423522,-0.660806,0.270373,0.934183
1.038000,-0.851555,-1.027877,-1.014882,-0.080357,0.748778
1.040000,-1.175561,-1.093780,0.712963,-0.354140,0.745371
1.042000,-1.457945,-1.271210,-1.353500,-0.601892,0.545716
1.044000,-1.688658,-1.987945,-1.923856,-0.976343,0.310798
1.046000,-1.859552,-1.576926,-2.778075,-1.138594,0.016970
1.048000,-1.964572,-2.424383,-2.383349,-1.485958,-0.211361
1.050000,-2.000000,-1.720906,-1.320856,-1.549431,-0.316901
1.052000,-1.964574,-2.111768,-1.335337,-1.701349,-0.413780
1.054000,-1.859554,-1.445894,-1.875489,-1.632337,-0.552825
1.056000,-1.688653,-1.606531,-1.081855,-1.625365,-0.603149
1.058000,-1.457939,-1.327343,-0.372725,-1.544852,-0.581230
1.060000,-1.175579,-0.735269,-0.748794,-1.326138,-0.597169
1.062000,-0.851547,-1.064707,-1.940224,-1.255511,-0.724927
1.064000,-0.497375,-1.064980,-2.157759,-1.204038,-0.861225
1.066000,-0.125583,-0.778814,1.297425,-1.089161,-0.655884
1.068000,0.250657,0.457426,1.672705,-0.671341,-0.434377
1.070000,0.618047,0.247162,0.985802,-0.423202,-0.299283
1.072000,0.963513,1.222581,2.146214,0.021417,-0.066655
1.074000,1.274847,1.944049,1.685170,0.540828,0.099987
1.076000,1.541021,1.659778,3.899037,0.843119,0.461372
1.078000,1.752605,1.596704,2.049890,1.046705,0.612479
1.080000,1.902115,1.376156,3.044762,1.135708,0.843850
1.082000,1.984229,1.521649,3.476865,1.239972,1.094315
1.084000,1.996054,2.157626,2.215298,1.487882,1.200949
1.086000,1.937166,1.656452,2.757734,1.533422,1.349038
1.088000,1.809651,2.369310,1.210296,1.759243,1.335840
1.090000,1.618034,1.670206,1.485413,1.735189,1.350068
1.092000,1.369089,1.722445,2.631133,1.731746,1.471929
1.094000,1.071653,1.106346,-0.717413,1.562790,1.263668
1.096000,0.736256,0.752363,1.750863,1.343848,1.310013
1.098000,0.374747,-0.209826,2.062844,0.924114,1.381626
1.100000,-0.000008,0.622162,0.493572,0.842539,1.297150
1.102000,-0.374763,-0.284685,0.672248,0.538013,1.237706
1.104000,-0.736243,-0.283063,-1.187725,0.316194,1.006987
1.106000,-1.071642,-1.566240,-2.663724,-0.192357,0.657811
1.108000,-1.369101,-1.537353,-1.542013,-0.555716,0.448553
1.110000,-1.618035,-1.644326,-1.633286,-0.849811,0.250518
1.112000,-1.809651,-2.013748,-2.895740,-1.164256,-0.048769
1.114000,-1.937163,-1.507594,-2.950226,-1.257011,-0.324770
1.116000,-1.996054,-2.290193,-2.385356,-1.536131,-0.520783
1.118000,-1.984229,-1.973600,-1.664709,-1.654316,-0.629599
1.120000,-1.902115,-1.661708,-1.722814,-1.656313,-0.733591
1.122000,-1.752612,-2.257843,0.467071,-1.818820,-0.619378
1.124000,-1.541030,-1.458310,-2.709183,-1.721426,-0.818171
1.126000,-1.274846,-1.869618,-2.081915,-1.761461,-0.938384
1.128000,-0.963498,-1.133437,-1.076651,-1.591797,-0.951537
1.130000,-0.618031,-0.601691,-2.439057,-1.324313,-1.093037
1.132000,-0.250671,-0.074245,-1.213444,-0.986600,-1.104491
1.134000,0.125569,0.096933,-0.708170,-0.693877,-1.066791
1.136000,0.497390,0.448761,-2.121000,-0.385186,-1.167073
1.138000,0.851562,0.572816,0.716995,-0.126376,-0.987851
1.140000,1.175567,0.741775,0.226459,0.108161,-0.872340
1.142000,1.457929,1.481130,1.660918,0.479077,-0.631364
1.144000,1.688662,2.204965,1.301035,0.945336,-0.447544
1.146000,1.859554,2.320881,2.734079,1.316948,-0.144893
1.148000,1.964574,2.239116,2.869812,1.566077,0.141881
1.150000,2.000000,2.173340,1.685977,1.730133,0.288763
1.152000,1.964575,1.950898,2.957012,1.789774,0.542580
1.154000,1.859551,1.600579,0.350393,1.738662,0.524298
1.156000,1.688657,2.074878,2.800994,1.829493,0.740869
1.158000,1.457934,1.589448,1.487778,1.764643,0.811918
1.160000,1.175573,1.242924,1.931155,1.623698,0.918386
1.162000,0.851568,1.183089,0.286493,1.504664,0.858277
1.164000,0.497367,0.708471,-0.252413,1.289568,0.752623
1.166000,0.125575,0.336824,-1.010726,1.032178,0.584884
1.168000,-0.250665,-0.034146,0.893386,0.744104,0.614230
1.170000,-0.618025,-0.402819,-0.196521,0.434256,0.537108
1.172000,-0.963519,-0.926067,-1.415455,0.066756,0.351370
1.174000,-1.274853,-1.681091,-1.856263,-0.405436,0.141369
1.176000,-1.541026,-1.709885,-2.783730,-0.757841,-0.136880
1.178000,-1.752609,-1.619750,-1.308332,-0.990691,-0.248315
1.180000,-1.902108,-1.756106,-2.215702,-1.197472,-0.435462
1.182000,-1.984230,-2.260329,-0.904127,-1.484610,-0.480044
1.184000,-1.996053,-1.426255,-2.009378,-1.468845,-0.625522
1.186000,-1.937168,-2.197816,-2.883734,-1.665781,-0.840334
1.188000,-1.809654,-1.677816,-2.312411,-1.669032,-0.980365
1.190000,-1.618030,-2.003313,-1.501225,-1.759340,-1.029912
1.192000,-1.369094,-1.152025,-2.300175,-1.595270,-1.150746
1.194000,-1.071647,-1.316277,-1.478208,-1.519899,-1.181895
1.196000,-0.736249,-1.032630,-1.077564,-1.388260,-1.171971
1.198000,-0.374770,-0.410958,0.858384,-1.124236,-0.978834
1.200000,0.000016,0.396209,1.520663,-0.713478,-0.741069
1.202000,0.374771,-0.087124,0.786081,-0.544265,-0.595799
1.204000,0.736250,1.079666,-0.061722,-0.105550,-0.544995
1.206000,1.071648,0.669657,1.505258,0.103877,-0.349965
1.208000,1.369084,1.531372,2.243517,0.489524,-0.103260
1.210000,1.618039,1.353892,2.048171,0.723038,0.101395
1.212000,1.809655,1.882132,1.907073,1.036175,0.273160
1.214000,1.937165,1.921996,2.989563,1.275485,0.531557
1.216000,1.996053,1.813593,1.396074,1.420858,0.613794
1.218000,1.984228,2.103594,1.522150,1.605303,0.700202
1.220000,1.902112,2.186085,1.713266,1.762205,0.796569
1.222000,1.752616,1.464121,2.141205,1.681676,0.924478
1.224000,1.541025,1.519672,1.941677,1.637909,1.021239
1.226000,1.274852,1.601153,1.530558,1.627979,1.069687
1.228000,0.963505,1.390180,1.747272,1.563736,1.134143
1.230000,0.618024,0.991154,-1.572016,1.409050,0.876719
1.232000,0.250663,-0.019235,-0.727947,1.023190,0.724076
1.234000,-0.125577,-0.148185,-1.610761,0.706736,0.501975
1.236000,-0.497368,-0.199715,-0.583027,0.461852,0.398764
1.238000,-0.851569,-1.322085,-0.918737,-0.020089,0.273437
1.240000,-1.175573,-1.244949,-1.723164,-0.350993,0.083510
1.242000,-1.457935,-1.877207,-1.485361,-0.763309,-0.065729
1.244000,-1.688650,-1.572346,-0.060508,-0.981875,-0.065232
1.246000,-1.859557,-2.151258,-3.283506,-1.297791,-0.371370
1.248000,-1.964575,-2.004453,-3.024379,-1.488700,-0.623737
1.250000,-2.000000,-1.897758,-3.311517,-1.599210,-0.879412
1.252000,-1.964576,-2.165930,-2.332362,-1.752313,-1.017624
1.254000,-1.859554,-2.232369,-2.403906,-1.882003,-1.149494
1.256000,-1.688653,-1.585157,-1.837733,-1.801808,-1.214963
1.258000,-1.457939,-1.220782,-2.908656,-1.644840,-1.376075
1.260000,-1.175566,-0.898931,-2.033038,-1.443328,-1.438569
1.262000,-0.851561,-1.259950,-0.513943,-1.393788,-1.350614
1.264000,-0.497374,-0.755822,1.058876,-1.221437,-1.121411
1.266000,-0.125568,-0.239264,-0.308555,-0.956097,-1.044088
1.268000,0.250672,-0.521657,0.211413,-0.838730,-0.924659
1.270000,0.618032,0.556913,-0.162099,-0.461689,-0.852120
1.272000,0.963499,1.352742,0.842005,0.028491,-0.690967
1.274000,1.274859,1.469377,2.846711,0.417755,-0.354445
1.276000,1.541031,1.401813,2.240093,0.683605,-0.107640
1.278000,1.752613,1.108488,1.223145,0.798389,0.018951
1.280000,1.902110,1.775652,1.990354,1.062403,0.206480
1.282000,1.984227,1.754733,1.909535,1.249440,0.368483
1.284000,1.996053,1.798664,3.251858,1.397816,0.642764
1.286000,1.937166,1.841997,2.420400,1.517815,0.811861
1.288000,1.809657,1.669574,2.130478,1.558813,0.937295
1.290000,1.618034,1.523641,1.327531,1.549311,0.974416
1.292000,1.369089,2.028960,3.058359,1.678891,1.172651
1.294000,1.071653,0.765801,-0.419039,1.432214,1.021241
1.296000,0.736242,0.670788,2.083696,1.226510,1.122307
1.298000,0.374762,0.465543,-0.219047,1.020930,0.994711
1.300000,0.000007,0.432459,-1.680381,0.861951,0.740243
1.302000,-0.374778,-0.287212,1.212568,0.551498,0.785173
1.304000,-0.736257,-0.803348,-0.892141,0.185478,0.625619
1.306000,-1.071655,-1.156628,0.078974,-0.177101,0.573619
1.308000,-1.369090,-1.296010,-2.168670,-0.479381,0.312759
1.310000,-1.618026,-1.491220,-2.321922,-0.752735,0.062135
1.312000,-1.809658,-1.915968,-2.705433,-1.066990,-0.201129
1.314000,-1.937167,-1.784886,-2.093114,-1.260934,-0.381104
1.316000,-1.996053,-2.073400,-3.289382,-1.480427,-0.657754
1.318000,-1.984231,-1.785883,-3.014600,-1.562948,-0.881949
1.320000,-1.902110,-1.600110,-0.652962,-1.572987,-0.860166
1.322000,-1.752612,-1.290751,-0.366915,-1.496739,-0.813246
1.324000,-1.541030,-1.983258,-1.376699,-1.628175,-0.866844
1.326000,-1.274846,-1.340831,-0.471803,-1.550547,-0.829266
1.328000,-0.963512,-1.204900,-0.526698,-1.457169,-0.800484
1.330000,-0.618031,-0.721986,-1.460177,-1.258555,-0.863238
1.332000,-0.250656,-0.599757,-2.571999,-1.080576,-1.025783
1.334000,0.125584,-0.177592,-0.135156,-0.836630,-0.941062
1.336000,0.497376,0.075689,0.789889,-0.590161,-0.776406
1.338000,0.851576,1.452567,1.071466,-0.038305,-0.600627
1.340000,1.175580,1.277813,1.576172,0.317252,-0.393559
1.342000,1.457940,1.358571,0.410008,0.598571,-0.317120
1.344000,1.688654,2.046413,1.987224,0.989714,-0.097920
1.346000,1.859549,1.988826,2.869740,1.259631,0.184379
1.348000,1.964577,1.944404,2.421450,1.444626,0.397180
1.350000,2.000000,1.443421,0.394393,1.444301,0.396915
1.352000,1.964575,1.765421,2.553549,1.531053,0.602065
1.354000,1.859557,2.004398,0.773737,1.658930,0.618395
1.356000,1.688657,1.923094,1.832080,1.730296,0.733847
1.358000,1.457934,1.205421,3.151174,1.588498,0.963795
1.360000,1.175560,0.527581,0.971536,1.301884,0.964531
1.362000,0.851554,1.205219,-1.924888,1.275770,0.689675
1.364000,0.497382,0.571818,0.248706,1.085593,0.647728
1.366000,0.125560,0.201248,-1.066884,0.846682,0.484626
1.368000,-0.250680,-0.176405,-0.124723,0.570288,0.426662
1.370000,-0.618040,-0.708433,-1.873378,0.224834,0.207870
1.372000,-0.963506,-1.099021,0.841010,-0.132814,0.268098
1.374000,-1.274841,-1.303478,-0.175261,-0.449076,0.225923
1.376000,-1.541035,-1.106134,-1.767067,-0.626584,0.036340
1.378000,-1.752617,-1.613235,-1.372742,-0.893134,-0.097699
1.380000,-1.902113,-1.642003,0.017379,-1.095446,-0.086752
1.382000,-1.984228,-2.232828,-1.335475,-1.402717,-0.205537
1.384000,-1.996054,-1.667187,-2.148507,-1.474165,-0.390361
1.386000,-1.937165,-1.757821,-1.796504,-1.550796,-0.524121
1.388000,-1.809654,-1.996535,-2.369764,-1.671215,-0.699687
1.390000,-1.618039,-1.161372,-1.616979,-1.533478,-0.786945
1.392000,-1.369105,-1.125436,-0.737640,-1.423243,-0.782255
1.394000,-1.071647,-0.642440,-0.191794,-1.212304,-0.726087
1.396000,-0.736249,-0.478045,-1.129280,-1.013939,-0.764441
1.398000,-0.374770,-0.337703,-1.053923,-0.831250,-0.791978
1.400000,-0.000015,-0.399139,-1.294159,-0.714513,-0.839748
1.402000,0.374741,0.640870,-1.719361,-0.348348,-0.923421
1.404000,0.736250,0.528598,0.256440,-0.111435,-0.811187
1.406000,1.071648,0.780195,-0.548182,0.129444,-0.786168
1.408000,1.369084,0.906075,0.170147,0.339256,-0.695199
1.410000,1.618039,1.565409,1.874567,0.670509,-0.450750
1.412000,1.809655,1.887647,2.837523,0.999326,-0.137953
1.414000,1.937165,1.282217,1.114756,1.075751,-0.018790
1.416000,1.996055,2.002915,3.051438,1.326230,0.273266
1.418000,1.984228,2.051413,3.350639,1.522143,0.566001
1.420000,1.902112,2.670191,-0.347174,1.832295,0.479135
1.422000,1.752601,2.349545,2.225504,1.972033,0.645258
1.424000,1.541015,1.229979,2.694935,1.771563,0.840234
1.426000,1.274840,1.530041,1.571590,1.706314,0.909804
1.428000,0.963505,0.857491,1.715588,1.476999,0.986454
1.430000,0.618038,0.643633,-0.357665,1.251860,0.858595
1.432000,0.250648,0.036180,3.601615,0.923437,1.119524
1.434000,-0.125592,-0.233600,-0.815084,0.610856,0.935495
1.436000,-0.497383,-0.455777,-1.055176,0.322699,0.746132
1.438000,-0.851555,-1.373103,-0.326092,-0.135433,0.644137
1.440000,-1.175586,-1.368050,-2.176756,-0.468432,0.375800
1.442000,-1.457945,-1.338959,-1.588968,-0.703610,0.188902
1.444000,-1.688658,-1.848963,-1.790596,-1.013034,0.000602
1.446000,-1.859552,-1.838683,-2.193446,-1.236089,-0.208107
1.448000,-1.964572,-1.661542,-2.363823,-1.351027,-0.413169
1.450000,-2.000000,-2.038102,-0.972774,-1.536645,-0.466401
1.452000,-1.964574,-1.987986,-2.362937,-1.658578,-0.646809
1.454000,-1.859554,-2.017129,-1.736018,-1.755442,-0.750420
1.456000,-1.688661,-1.612856,-2.549638,-1.716922,-0.921571
1.458000,-1.457949,-1.475291,0.066846,-1.651644,-0.827547
1.460000,-1.175566,-0.340090,-0.259190,-1.297319,-0.773483
1.462000,-0.851561,-1.148646,-0.700415,-1.257154,-0.766532
1.464000,-0.497389,-0.244920,-0.233512,-0.983693,-0.715829
1.466000,-0.125598,-0.490806,-2.304905,-0.850537,-0.866989
1.468000,0.250672,0.330347,-1.594044,-0.531514,-0.936150
1.470000,0.618032,0.673997,0.664636,-0.205837,-0.783876
1.472000,0.963499,0.807011,0.837374,0.067790,-0.629654
1.474000,1.274835,1.242902,2.463645,0.385254,-0.335405
1.476000,1.541031,1.506277,2.219803,0.688105,-0.092341
1.478000,1.752613,1.462656,1.221688,0.897355,0.032656
1.480000,1.902110,2.073241,0.893088,1.215028,0.114505
1.482000,1.984231,2.374865,1.694876,1.528365,0.264837
1.484000,1.996053,2.326604,0.213156,1.744014,0.259921
1.486000,1.937166,1.913924,1.336285,1.789916,0.362310
1.488000,1.809657,1.853274,1.526288,1.807033,0.473034
1.490000,1.618025,1.393226,1.029119,1.695240,0.525931
1.492000,1.369089,1.926524,1.547269,1.757723,0.623086
1.494000,1.071653,0.766313,-0.847355,1.489887,0.483210
1.496000,0.736227,0.970461,0.859490,1.349561,0.519004
1.498000,0.374747,0.273970,-0.991941,1.058984,0.375275
1.500000,-0.000008,0.368117,-1.010222,0.872342,0.243480
1.502000,-0.374763,-0.423373,0.620098,0.522296,0.279306
1.504000,-0.736243,-0.602543,-1.737755,0.218414,0.087433
1.506000,-1.071667,-1.625868,-2.138456,-0.279830,-0.124305
1.508000,-1.369101,-1.576780,-2.006814,-0.630209,-0.303378
1.510000,-1.618035,-2.144048,-2.217546,-1.039182,-0.485463
1.512000,-1.809651,-1.513695,-0.480857,-1.167375,-0.485025
1.514000,-1.937171,-2.109169,-3.061852,-1.421806,-0.730145
1.516000,-1.996054,-2.431815,-2.159235,-1.694666,-0.866087
1.518000,-1.984229,-1.995128,-1.130033,-1.775838,-0.891195
1.520000,-1.902115,-1.798658,-2.668726,-1.782003,-1.060283
1.522000,-1.752620,-2.133291,-2.149024,-1.876906,-1.163849
1.524000,-1.541020,-1.481155,0.188996,-1.769991,-1.035160
1.526000,-1.274846,-0.929667,-1.188272,-1.542972,-1.049725
1.528000,-0.963512,-1.198647,-1.231081,-1.449951,-1.066976
1.530000,-0.618046,-0.477967,-1.317831,-1.187363,-1.090839
1.532000,-0.250686,-0.277901,-0.089430,-0.941666,-0.995580
1.534000,0.125584,0.732438,0.079143,-0.489397,-0.893347
1.536000,0.497376,0.049099,0.697866,-0.343919,-0.741983
1.538000,0.851548,0.962148,-0.427174,0.008923,-0.712037
1.540000,1.175555,1.116922,0.292212,0.308256,-0.616508
1.542000,1.457940,1.180802,2.540839,0.543980,-0.316165
1.544000,1.688654,1.550678,1.452325,0.815946,-0.147938
1.546000,1.859549,1.823117,2.941525,1.088039,0.145947
1.548000,1.964571,1.507119,3.124908,1.201256,0.429321
1.550000,2.000000,1.589736,2.587759,1.306206,0.634642
1.552000,1.964575,2.150754,1.785325,1.534366,0.744101
1.554000,1.859557,1.759928,1.067067,1.595303,0.774823
1.556000,1.688649,1.787144,3.729873,1.647130,1.055922
1.558000,1.457934,1.407179,1.044528,1.582306,1.054838
1.560000,1.175572,1.566154,1.822153,1.577942,1.127828
1.562000,0.851540,1.039455,-0.586332,1.432467,0.964769
1.564000,0.497367,0.216137,-0.749420,1.103868,0.801707
1.566000,0.125575,-0.177190,0.354840,0.757782,0.759199
1.568000,-0.250665,-0.444924,-0.223672,0.432864,0.665703
1.570000,-0.618054,-1.185669,0.349653,-0.004393,0.635639
1.572000,-0.963520,-0.444903,-2.007857,-0.123400,0.384177
1.574000,-1.274853,-1.175482,-1.106300,-0.407626,0.242395
1.576000,-1.541026,-1.686211,-1.689152,-0.753044,0.058657
1.578000,-1.752609,-2.064490,-3.222585,-1.107339,-0.253471
1.580000,-1.902117,-2.339256,-2.716622,-1.440149,-0.487778
1.582000,-1.984230,-1.707925,-3.084343,-1.512490,-0.734776
1.584000,-1.996053,-2.257295,-2.623245,-1.713704,-0.914416
1.586000,-1.937168,-2.444810,-1.756762,-1.911217,-0.994545
1.588000,-1.809648,-1.930772,-1.965803,-1.916500,-1.086935
1.590000,-1.618029,-2.169646,-1.125497,-1.984889,-1.090604
1.592000,-1.369094,-1.513768,0.020827,-1.857613,-0.984879
1.594000,-1.071660,-0.662300,-0.659123,-1.534691,-0.953891
1.596000,-0.736263,-0.946087,-2.789298,-1.375676,-1.128484
1.598000,-0.374755,-0.459728,-0.345566,-1.128227,-1.054009
1.600000,0.000001,-0.072368,-1.726964,-0.842980,-1.118024
1.602000,0.374756,0.127082,0.427724,-0.580912,-0.970985
1.604000,0.736236,0.730504,-0.270736,-0.226625,-0.904374
1.606000,1.071635,1.169166,-0.639535,0.150457,-0.879181
1.608000,1.369095,1.273406,1.173161,0.453828,-0.683952
1.610000,1.618030,2.059833,1.320163,0.887701,-0.493311
1.612000,1.809648,2.020810,1.869239,1.193817,-0.268573
1.614000,1.937161,1.605937,2.065774,1.305154,-0.046519
1.616000,1.996054,2.172456,2.391798,1.539461,0.185426
1.618000,1.984230,2.199276,0.695174,1.717714,0.233916
1.620000,1.902117,1.525428,4.138406,1.665767,0.605330
1.622000,1.752609,1.443238,2.334518,1.605649,0.769819
1.624000,1.541025,1.468988,1.440181,1.568729,0.833587
1.626000,1.274852,1.514948,1.697688,1.554200,0.915784
1.628000,0.963491,0.976790,2.515424,1.398209,1.067950
1.630000,0.618024,0.320917,-0.399093,1.107172,0.928398
1.632000,0.250663,0.724697,0.432784,1.003844,0.881252
1.634000,-0.125577,-0.338622,-0.377564,0.641168,0.761508
1.636000,-0.497398,-1.003339,1.532991,0.196895,0.834895
1.638000,-0.851569,-0.831909,0.584463,-0.081043,0.811073
1.640000,-1.175574,-1.570555,-0.608138,-0.483444,0.676070
1.642000,-1.457935,-1.175028,-1.537432,-0.670280,0.465511
1.644000,-1.688666,-2.070290,-1.785807,-1.048501,0.251355
1.646000,-1.859557,-2.572852,-0.536324,-1.460314,0.176427
1.648000,-1.964575,-2.440412,-3.957177,-1.725094,-0.216782
1.650000,-2.000000,-2.049428,-2.492205,-1.812715,-0.433231
1.652000,-1.964576,-1.998090,-1.034006,-1.862795,-0.490380
1.654000,-1.859548,-1.351287,-4.541665,-1.724608,-0.875758
1.656000,-1.688653,-1.661346,-0.558687,-1.707517,-0.845597
1.658000,-1.457939,-0.810621,-0.851563,-1.465215,-0.846164
1.660000,-1.175578,-1.458810,0.258629,-1.463485,-0.741071
1.662000,-0.851574,-0.545934,-0.147402,-1.215603,-0.684598
1.664000,-0.497374,-0.663016,-0.260827,-1.066318,-0.644287
1.666000,-0.125583,-0.238348,-1.620757,-0.842637,-0.737174
1.668000,0.250657,0.128247,0.405540,-0.580347,-0.628473
1.670000,0.618018,1.139116,-0.242684,-0.115823,-0.591775
1.672000,0.963513,0.822532,2.311760,0.137679,-0.315576
1.674000,1.274847,1.877156,1.289061,0.607610,-0.162935
1.676000,1.541021,1.460418,-0.263648,0.838001,-0.172516
1.678000,1.752606,2.155801,2.476179,1.194013,0.079441
1.680000,1.902106,2.169737,0.415939,1.457611,0.111451
1.682000,1.984229,2.251074,2.928265,1.671970,0.379400
1.684000,1.996054,2.018142,1.948000,1.765490,0.528613
1.686000,1.937170,1.950331,1.445260,1.815426,0.615809
1.688000,1.809651,2.314018,0.172722,1.950124,0.573660
1.690000,1.618034,1.471054,1.211500,1.820700,0.634335
1.692000,1.369100,1.697402,0.500212,1.787390,0.621576
1.694000,1.071640,2.051487,0.953960,1.858738,0.653194
1.696000,0.736242,0.828087,0.107421,1.580301,0.601278
1.698000,0.374762,0.525275,0.435210,1.295279,0.585480
1.700000,-0.000024,-0.060728,-1.169873,0.928946,0.418503
1.702000,-0.374779,-0.301122,-1.464408,0.596635,0.239391
1.704000,-0.736257,-1.118289,-1.936913,0.133338,0.032370
1.706000,-1.071655,-0.914129,-2.715142,-0.149642,-0.228987
1.708000,-1.369090,-1.737519,-0.799807,-0.578617,-0.283286
1.710000,-1.618044,-1.261151,-0.739745,-0.763008,-0.326707
1.712000,-1.809658,-2.489150,-3.959740,-1.229336,-0.672299
1.714000,-1.937167,-1.416845,-0.679468,-1.279992,-0.672981
1.716000,-1.996053,-1.939100,-2.424567,-1.458054,-0.839600
1.718000,-1.984227,-2.247944,-2.376514,-1.671448,-0.985799
1.720000,-1.902110,-1.350341,-3.704453,-1.584699,-1.244411
1.722000,-1.752612,-1.677792,-0.677737,-1.609849,-1.190506
1.724000,-1.541030,-1.794494,-0.859467,-1.659732,-1.159016
1.726000,-1.274858,-1.326727,-2.596170,-1.569768,-1.295725
1.728000,-0.963498,-0.611644,0.294664,-1.310925,-1.144439
1.730000,-0.618031,-0.578250,0.230452,-1.112988,-1.013653
1.732000,-0.250671,-0.545236,-0.996988,-0.959607,-1.012068
1.734000,0.125569,0.501485,-1.844087,-0.564884,-1.091214
1.736000,0.497361,0.802408,0.663820,-0.195501,-0.924266
1.738000,0.851562,0.432747,1.134549,-0.025776,-0.728422
1.740000,1.175568,1.202287,3.242140,0.305993,-0.350722
1.742000,1.457930,0.875889,3.220060,0.459954,-0.011052
1.744000,1.688646,1.722667,1.181829,0.801084,0.102421
1.746000,1.859555,2.271065,2.736701,1.198208,0.353007
1.748000,1.964574,2.305132,3.109684,1.497251,0.615235
1.750000,2.000000,2.184819,3.209008,1.683001,0.861968
1.752000,1.964578,1.459349,2.195888,1.622580,0.988857
1.754000,1.859551,1.671802,2.503473,1.635878,1.132935
1.756000,1.688657,1.635003,2.189349,1.635641,1.233426
1.758000,1.457944,1.339835,2.419546,1.555727,1.346255
1.760000,1.175560,1.544014,3.289001,1.552563,1.531059
1.762000,0.851554,0.539118,0.333583,1.278774,1.417149
1.764000,0.497382,1.083913,0.588015,1.226131,1.338278
1.766000,0.125560,0.583007,0.847780,1.052387,1.291619
1.768000,-0.250680,-0.067780,-0.783263,0.749767,1.094246
1.770000,-0.618040,-0.377336,-0.126368,0.445273,0.978135
1.772000,-0.963506,-1.167879,0.002606,0.009470,0.885338
1.774000,-1.274865,-1.110865,-2.802162,-0.293195,0.534565
1.776000,-1.541036,-1.107837,0.045283,-0.513276,0.488022
1.778000,-1.752617,-1.961871,-1.318462,-0.904623,0.316181
1.780000,-1.902113,-2.085020,-0.381416,-1.223514,0.249822
1.782000,-1.984228,-1.842880,-1.290928,-1.390840,0.103258
1.784000,-1.996053,-2.230765,-2.353878,-1.617751,-0.130477
1.786000,-1.937164,-1.926249,-1.476171,-1.701094,-0.258486
1.788000,-1.809654,-1.261214,-2.498639,-1.582257,-0.471580
1.790000,-1.618038,-1.571618,0.609474,-1.579383,-0.368745
1.792000,-1.369083,-1.279728,-2.066705,-1.498429,-0.530263
1.794000,-1.071647,-1.148797,-2.618164,-1.403974,-0.728875
1.796000,-0.736249,-0.990400,-1.139817,-1.292244,-0.767966
1.798000,-0.374769,-0.440854,-2.542360,-1.062236,-0.936755
1.800000,-0.000014,0.080127,0.252721,-0.753620,-0.823606
1.802000,0.374771,0.894476,-1.813370,-0.308376,-0.917757
1.804000,0.736250,0.601281,1.199196,-0.062627,-0.716382
1.806000,1.071648,0.853107,2.335124,0.184764,-0.426108
1.808000,1.369084,1.537006,3.274351,0.550081,-0.074102
1.810000,1.618021,2.333721,2.579260,1.031942,0.178299
1.812000,1.809655,1.796953,3.333277,1.238615,0.478416
1.814000,1.937165,2.153119,3.683070,1.485674,0.783258
1.816000,1.996053,2.120095,1.186525,1.657067,0.821619
1.818000,1.984232,1.917506,1.401295,1.727426,0.876761
1.820000,1.902112,1.908302,2.667248,1.776291,1.047081
1.822000,1.752616,1.958839,2.819618,1.825607,1.215693
1.824000,1.541034,1.701932,2.362144,1.792196,1.324749
1.826000,1.274840,0.996409,2.819533,1.577209,1.466940
1.828000,0.963505,1.227512,0.268001,1.482736,1.352891
1.830000,0.618038,1.382926,1.792551,1.455772,1.394714
1.832000,0.250648,0.429323,0.331673,1.178470,1.293592
1.834000,-0.125592,0.143690,-0.472826,0.898918,1.125562
1.836000,-0.497383,-0.391451,-0.581044,0.550317,0.963221
1.838000,-0.851583,-1.486154,-3.758919,0.000152,0.514028
1.840000,-1.175586,-0.580437,-2.871555,-0.156698,0.191975
1.842000,-1.457945,-2.059419,-3.237598,-0.670730,-0.134263
1.844000,-1.688658,-2.126977,-0.646658,-1.064144,-0.183005
1.846000,-1.859552,-2.116816,-2.810144,-1.348530,-0.432911
1.848000,-1.964578,-2.007409,-1.669409,-1.526530,-0.550533
1.850000,-2.000000,-2.161528,-3.386676,-1.698079,-0.820321
1.852000,-1.964574,-1.829597,-0.976427,-1.733609,-0.835170
1.854000,-1.859554,-1.639365,-1.456496,-1.708149,-0.894274
1.856000,-1.688661,-1.283510,-0.667601,-1.593430,-0.872712
1.858000,-1.457928,-1.555518,-0.823416,-1.583188,-0.868022
1.860000,-1.175566,-0.858591,-2.795164,-1.387433,-1.051342
1.862000,-0.851560,-0.779756,0.888231,-1.223266,-0.866840
1.864000,-0.497389,-0.280805,-0.064463,-0.968654,-0.790514
1.866000,-0.125568,-1.084807,-1.606748,-1.000033,-0.868158
1.868000,0.250672,0.339046,-0.249191,-0.638273,-0.809279
1.870000,0.618033,-0.036257,2.827053,-0.475635,-0.463373
1.872000,0.963500,0.815714,2.158296,-0.126769,-0.213987
1.874000,1.274835,1.201708,1.912991,0.232127,-0.011658
1.876000,1.541031,1.640072,0.496927,0.612492,0.036721
1.878000,1.752613,1.602226,0.014911,0.879875,0.034646
1.880000,1.902110,1.798421,3.210500,1.128026,0.336749
1.882000,1.984227,2.277516,1.470081,1.438568,0.444557
1.884000,1.996055,2.132642,3.079157,1.626076,0.695173
1.886000,1.937166,1.785879,2.364227,1.669248,0.853942
1.888000,1.809657,2.235167,1.993490,1.822134,0.962341
1.890000,1.618043,0.954078,2.500327,1.587624,1.108642
1.892000,1.369088,0.798506,2.547239,1.374439,1.245488
1.894000,1.071653,0.872708,1.989770,1.238893,1.316288
1.896000,0.736256,0.103139,0.618197,0.932062,1.249882
1.898000,0.374747,-0.067501,-1.010236,0.662024,1.034889
1.900000,-0.000009,0.115693,-0.449767,0.514429,0.893661
1.902000,-0.374764,-0.261166,-1.169332,0.304897,0.697419
1.904000,-0.736272,-0.692818,-1.775979,0.035358,0.462137
1.906000,-1.071668,-0.966511,-0.791882,-0.235303,0.342849
1.908000,-1.369101,-1.786196,-1.109672,-0.654286,0.204678
1.910000,-1.618035,-1.783849,-1.994172,-0.959445,-0.004488
1.912000,-1.809652,-1.969449,-2.159351,-1.232304,-0.209469
1.914000,-1.937171,-2.176492,-3.451422,-1.487382,-0.517859
1.916000,-1.996054,-2.491242,-1.329346,-1.758581,-0.595052
1.918000,-1.984229,-2.040042,-1.935410,-1.834619,-0.722553
1.920000,-1.902115,-2.008102,-1.833814,-1.881487,-0.828262
1.922000,-1.752605,-1.760828,-1.839729,-1.848890,-0.924478
1.924000,-1.541020,-1.383303,-2.491248,-1.723109,-1.073517
1.926000,-1.274846,-1.420423,-1.898899,-1.641336,-1.152031
1.928000,-0.963511,-1.453896,-0.516963,-1.590698,-1.091620
1.930000,-0.618045,-0.263578,-0.963968,-1.232168,-1.079477
1.932000,-0.250656,0.011860,-1.320920,-0.896086,-1.102445
1.934000,0.125585,-0.143940,-0.066629,-0.692889,-1.003913
1.936000,0.497376,0.974205,0.687094,-0.242514,-0.843056
1.938000,0.851548,0.822713,2.388190,0.045264,-0.535684
1.940000,1.175580,0.896789,0.083974,0.275309,-0.476739
1.942000,1.457940,1.550821,2.868976,0.619896,-0.158478
1.944000,1.688654,1.727050,-0.185942,0.919001,-0.161091
1.946000,1.859549,1.422924,-0.341816,1.055139,-0.178282
1.948000,1.964571,2.329652,0.175166,1.399456,-0.144660
1.950000,2.000000,2.104041,0.983652,1.589804,-0.037330
1.952000,1.964575,2.319050,2.703113,1.786815,0.223355
1.954000,1.859557,1.751941,2.447359,1.777393,0.434913
1.956000,1.688665,1.497597,0.767879,1.701805,0.466586
1.958000,1.457934,1.639033,1.345217,1.684846,0.550166
1.960000,1.175572,1.468901,1.293719,1.626507,0.620896
1.962000,0.851567,0.946950,2.066768,1.442921,0.758435
1.964000,0.497367,0.479582,0.189317,1.182669,0.704298
1.966000,0.125575,0.327553,-0.358746,0.951654,0.603176
1.968000,-0.250665,-0.299715,2.264471,0.613589,0.761206
1.970000,-0.618054,-0.109301,0.229414,0.418296,0.710619
1.972000,-0.963520,-0.785864,-2.070595,0.092985,0.446057
1.974000,-1.274853,-1.428977,-1.004973,-0.318183,0.308028
1.976000,-1.541026,-1.312772,-0.736988,-0.586877,0.208621
1.978000,-1.752624,-1.701593,-2.270815,-0.888025,-0.027236
1.980000,-1.902118,-1.402630,-1.674178,-1.027048,-0.183901
1.982000,-1.984230,-1.884415,-1.869762,-1.258671,-0.344268
1.984000,-1.996053,-1.614600,-2.212766,-1.354828,-0.522009
1.986000,-1.937168,-1.816829,-0.088055,-1.479640,-0.480729
1.988000,-1.809648,-1.661371,-1.254946,-1.528736,-0.554376
1.990000,-1.618029,-0.981584,-1.620051,-1.380919,-0.655749
1.992000,-1.369094,-1.154898,-2.005768,-1.319858,-0.784169
1.994000,-1.071660,-1.584701,-2.116784,-1.391407,-0.910934
1.996000,-0.736234,-0.378741,-0.061667,-1.117829,-0.830148
1.998000,-0.374754,0.058039,0.649640,-0.800161,-0.689383
