Time,Clean,LessNoisy,Noisy,LMSCleanLess,LMSCleanHeavy
0.000000,0.000000,-0.219392,0.857584,-0.219392,0.857584
0.002000,0.374763,0.491488,0.000842,0.491376,0.006342
0.004000,0.736249,0.735335,2.551197,0.735589,2.524628
0.006000,1.071654,1.258502,2.998383,1.258487,2.843827
0.008000,1.369094,1.343949,1.687937,1.344851,1.434625
0.010000,1.618034,1.533207,1.782861,1.534587,1.498571
0.012000,1.809654,2.128133,0.901396,2.128704,0.850802
0.014000,1.937166,1.847383,2.603528,1.850896,2.421203
0.016000,1.996053,1.659811,0.968386,1.666911,1.030149
0.018000,1.984229,2.546918,0.490515,2.551218,0.808597
0.020000,1.902113,1.871682,0.028479,1.883969,0.567954
0.022000,1.752613,1.786085,2.826525,1.796078,3.061322
0.024000,1.541026,1.335959,2.016049,1.347079,2.036219
0.026000,1.274848,0.718078,0.406444,0.741407,0.840984
0.028000,0.963507,0.938604,0.103842,0.947819,0.641233
0.030000,0.618034,1.147820,0.771790,1.151782,0.900697
0.032000,0.250666,0.651587,0.360272,0.656915,0.359443
0.034000,-0.125581,0.025723,-0.758615,0.025466,-0.017206
0.036000,-0.497380,-0.180877,-0.541065,-0.184478,0.204577
0.038000,-0.851558,-0.714112,0.154525,-0.717584,0.298181
0.040000,-1.175570,-1.320578,-2.078127,-1.319887,-1.704759
0.042000,-1.457937,-1.762130,0.525368,-1.759913,0.505513
0.044000,-1.688656,-1.360085,-2.108785,-1.386257,-1.607333
0.046000,-1.859553,-2.200237,-2.974590,-2.214709,-2.505335
0.048000,-1.964574,-1.893856,-0.006268,-1.918729,-0.601402
0.050000,-2.000000,-2.325149,-4.973582,-2.333359,-3.973404
0.052000,-1.964574,-1.991808,-2.535493,-2.001141,-3.180690
0.054000,-1.859553,-2.642995,-2.721650,-2.616685,-2.933756
0.056000,-1.688656,-1.784182,-1.666235,-1.782474,-1.726328
0.058000,-1.457937,-1.637107,-1.587095,-1.614827,-1.966999
0.060000,-1.175571,-1.241405,-1.091180,-1.238733,-1.301062
0.062000,-0.851559,-1.287529,-0.922187,-1.235655,-1.377249
0.064000,-0.497380,-0.755135,-0.788367,-0.717835,-0.659175
0.066000,-0.125581,-0.324974,0.831233,-0.270789,-0.067286
0.068000,0.250667,0.453960,0.221159,0.435141,0.540714
0.070000,0.618034,0.846752,-0.152032,0.789024,1.019240
0.072000,0.963507,0.803140,0.795535,0.757034,1.125066
0.074000,1.274848,1.016006,1.430909,0.991103,2.150386
0.076000,1.541026,1.440919,2.170557,1.394398,2.751056
0.078000,1.752614,1.714376,2.697088,1.653485,2.750076
0.080000,1.902113,1.376318,1.744507,1.366744,2.700308
0.082000,1.984229,2.129427,3.165518,2.055081,2.233878
0.084000,1.996053,2.165975,0.292900,2.067273,1.358826
0.086000,1.937166,2.299522,0.589617,2.169912,1.585888
0.088000,1.809654,1.433644,1.367365,1.390853,1.958124
0.090000,1.618033,1.594622,0.050721,1.526608,1.543310
0.092000,1.369095,1.089126,0.530063,1.063722,1.286160
0.094000,1.071654,1.424775,1.408700,1.333573,1.569457
0.096000,0.736249,0.837389,1.083494,0.782276,1.186387
0.098000,0.374763,0.535824,1.208411,0.465162,0.985619
0.100000,-0.000000,-0.208484,-1.185987,-0.234940,-0.067125
0.102000,-0.374763,-0.389879,-0.845886,-0.470654,-0.096405
0.104000,-0.736249,-0.643087,-1.577887,-0.699600,-0.569167
0.106000,-1.071654,-1.407816,-0.656692,-1.394539,-0.398946
0.108000,-1.369095,-0.565898,-2.187692,-0.693942,-1.176160
0.110000,-1.618034,-1.769487,-2.237662,-1.802974,-1.378785
0.112000,-1.809654,-2.061407,-0.931995,-2.046502,-1.424808
0.114000,-1.937166,-2.431241,-1.124159,-2.326988,-1.409682
0.116000,-1.996053,-1.717028,-1.344059,-1.769866,-1.435090
0.118000,-1.984229,-2.191572,-1.507947,-2.173759,-1.361817
0.120000,-1.902113,-1.192877,-2.882965,-1.346558,-1.880355
0.122000,-1.752613,-1.848866,-1.507493,-1.849436,-1.600758
0.124000,-1.541026,-1.673869,-2.781249,-1.679872,-1.911228
0.126000,-1.274848,-1.201089,-1.175263,-1.197105,-1.151463
0.128000,-0.963507,-0.950155,-2.190627,-0.985493,-1.263442
0.130000,-0.618035,-0.997203,-1.556546,-0.966022,-0.866640
0.132000,-0.250666,-0.871020,-1.736518,-0.766588,-0.843862
0.134000,0.125582,0.081498,-0.741203,0.082189,-0.065534
0.136000,0.497381,0.285470,2.400416,0.373442,0.943303
0.138000,0.851558,0.987738,1.324620,0.984554,1.252004
0.140000,1.175570,0.934830,1.959081,0.961664,1.425548
0.142000,1.457938,1.373148,1.317961,1.325527,1.537517
0.144000,1.688656,1.790314,1.391436,1.781474,2.097840
0.146000,1.859553,1.315295,0.285044,1.345507,2.198520
0.148000,1.964574,1.723006,2.410111,1.724119,3.265891
0.150000,2.000000,2.148759,2.314726,2.053745,3.322150
0.152000,1.964575,1.744283,1.064826,1.589386,2.598925
0.154000,1.859553,1.729114,1.850969,1.569288,2.495505
0.156000,1.688656,1.561059,3.915148,1.383309,2.723675
0.158000,1.457937,1.730506,0.865318,1.490391,1.912969
0.160000,1.175571,1.308380,2.633909,1.054880,1.737376
0.162000,0.851558,0.664585,0.831850,0.492124,1.261887
0.164000,0.497379,0.655633,-0.581981,0.478840,0.717013
0.166000,0.125582,0.140159,0.353468,-0.008056,0.274382
0.168000,-0.250666,0.137120,-0.405878,-0.058410,-0.188833
0.170000,-0.618035,-0.414722,-0.522466,-0.572079,-0.579093
0.172000,-0.963509,-0.978902,-1.264705,-1.054232,-1.099953
0.174000,-1.274847,-1.278814,-1.947061,-1.324527,-1.642295
0.176000,-1.541025,-1.859746,-1.695538,-1.846974,-1.703408
0.178000,-1.752614,-1.806711,-1.865464,-1.742484,-1.901845
0.180000,-1.902114,-1.764540,-2.997760,-1.728276,-2.203015
0.182000,-1.984229,-2.274266,-1.877979,-2.177336,-1.839625
0.184000,-1.996054,-1.917615,-1.155398,-1.864332,-1.942917
0.186000,-1.937167,-1.293774,-2.817724,-1.332176,-2.202441
0.188000,-1.809654,-1.436104,-0.503785,-1.428625,-1.771862
0.190000,-1.618034,-1.067001,-1.901851,-1.096275,-1.797365
0.192000,-1.369095,-1.589969,-3.822848,-1.472016,-1.673726
0.194000,-1.071654,-0.825774,-1.544047,-0.758349,-1.061073
0.196000,-0.736249,-0.298639,0.794558,-0.217186,-0.479260
0.198000,-0.374763,-0.502819,1.749348,-0.338148,-0.331277
0.200000,0.000000,0.174856,0.618282,0.324334,-0.290124
0.202000,0.374763,0.719417,0.426495,0.876737,-0.036097
0.204000,0.736250,0.515279,1.454790,0.784007,0.332671
0.206000,1.071654,1.098990,0.773350,1.360424,0.582463
0.208000,1.369095,1.159725,2.396900,1.489869,0.994690
0.210000,1.618032,1.559206,2.855410,1.845636,1.321465
0.212000,1.809655,2.556505,2.564866,2.694914,1.352416
0.214000,1.937167,2.184745,1.070091,2.416240,1.326768
0.216000,1.996054,1.888042,1.184973,2.124290,1.457043
0.218000,1.984230,1.800027,2.324525,2.011076,1.587220
0.220000,1.902112,1.485926,3.107675,1.682000,1.516334
0.222000,1.752612,2.041850,3.232265,2.092412,1.288035
0.224000,1.541025,1.230289,1.730732,1.362141,1.147387
0.226000,1.274849,1.170765,0.811874,1.236190,0.952458
0.228000,0.963509,0.650142,0.593761,0.721484,0.487850
0.230000,0.618032,0.955867,1.176432,0.921279,0.038319
0.232000,0.250668,-0.249686,-0.143380,-0.160910,-0.273440
0.234000,-0.125580,0.065743,-1.597022,0.001357,-0.267345
0.236000,-0.497379,-1.045905,0.864775,-0.969278,-0.620326
0.238000,-0.851561,-1.114774,-0.831602,-1.196428,-0.986388
0.240000,-1.175570,-0.971213,-1.654752,-1.100047,-1.296804
0.242000,-1.457937,-1.457502,-3.930855,-1.586541,-1.350713
0.244000,-1.688656,-0.784960,-0.743934,-1.053765,-1.424710
0.246000,-1.859553,-1.659747,-2.461430,-1.751268,-1.370820
0.248000,-1.964574,-2.083178,-1.684546,-2.146390,-1.175953
0.250000,-2.000000,-1.586971,-2.350816,-1.651029,-1.262106
0.252000,-1.964574,-2.228610,-2.917068,-2.204159,-1.042655
0.254000,-1.859553,-1.203915,-1.686445,-1.281016,-1.209039
0.256000,-1.688655,-1.423677,0.376193,-1.421906,-1.507285
0.258000,-1.457939,-1.515191,-1.971626,-1.392612,-1.487947
0.260000,-1.175573,-1.374872,-1.259073,-1.270334,-1.318607
0.262000,-0.851561,-0.628172,-0.333103,-0.544429,-1.246157
0.264000,-0.497379,-0.510153,-1.649881,-0.365978,-0.813723
0.266000,-0.125580,0.189844,-1.241825,0.223098,0.004963
0.268000,0.250668,0.296030,0.215451,0.431075,0.272345
0.270000,0.618036,0.665023,0.945569,0.743548,0.666680
0.272000,0.963509,1.081442,0.590796,1.143627,1.040711
0.274000,1.274847,1.710516,1.279009,1.747918,1.803508
0.276000,1.541025,1.331091,0.696422,1.452500,2.079268
0.278000,1.752613,2.197173,1.274350,2.205026,2.541032
0.280000,1.902113,2.019705,3.946285,2.088343,2.585933
0.282000,1.984230,1.993109,2.121864,2.063182,2.658957
0.284000,1.996053,2.135475,2.352868,2.151189,2.603940
0.286000,1.937166,3.002179,1.982716,2.888386,2.384946
0.288000,1.809654,2.123264,1.331965,2.178891,1.820369
0.290000,1.618034,0.881382,1.630650,1.126579,1.486646
0.292000,1.369095,1.726293,0.838513,1.695035,1.248971
0.294000,1.071654,0.963420,-0.401301,1.034994,1.115543
0.296000,0.736249,0.272590,0.759326,0.352451,1.004203
0.298000,0.374763,0.271717,1.315188,0.266549,0.701105
0.300000,-0.000004,0.316796,-0.108047,0.185316,0.260264
0.302000,-0.374759,-0.154132,-1.444632,-0.243141,-0.118065
0.304000,-0.736246,-0.755839,-0.894934,-0.838447,-0.238542
0.306000,-1.071654,-0.756697,-0.772698,-0.867462,-0.470443
0.308000,-1.369095,-1.982290,-1.405227,-1.926448,-0.649179
0.310000,-1.618034,-1.444349,-1.338925,-1.576790,-0.910192
0.312000,-1.809655,-1.340859,-0.553568,-1.561093,-1.728878
0.314000,-1.937167,-2.271554,-2.334651,-2.292289,-2.080529
0.316000,-1.996054,-2.308371,-2.604805,-2.314220,-2.278777
0.318000,-1.984230,-2.248355,-2.120099,-2.257386,-2.305337
0.320000,-1.902114,-2.164594,-2.576989,-2.123154,-2.076570
0.322000,-1.752614,-1.103949,-0.928797,-1.324202,-2.183539
0.324000,-1.541025,-1.838392,-4.156891,-1.797578,-1.476015
0.326000,-1.274846,-1.627290,-1.158092,-1.558531,-0.750555
0.328000,-0.963505,-0.939859,-1.440603,-0.995523,-0.271435
0.330000,-0.618032,-1.019645,-0.382383,-0.946605,-0.030352
0.332000,-0.250668,0.427357,-0.110414,0.184980,0.203778
0.334000,0.125580,0.180391,-0.929246,0.165505,1.059164
0.336000,0.497379,0.858991,-0.649320,0.765144,1.815490
0.338000,0.851558,0.743538,1.507410,0.803377,2.131425
0.340000,1.175573,1.515075,3.863324,1.432300,1.787298
0.342000,1.457940,1.490553,1.689522,1.516746,1.744369
0.344000,1.688658,2.085131,1.814049,1.987580,1.474394
0.346000,1.859552,2.594362,1.843299,2.402035,1.522356
0.348000,1.964574,1.931624,2.136501,1.932937,1.651637
0.350000,2.000000,1.641616,-0.335511,1.775330,2.316846
0.352000,1.964575,1.930828,1.966398,1.954170,2.459548
0.354000,1.859551,1.623855,3.984021,1.713886,1.649590
0.356000,1.688653,1.924075,0.915884,1.855130,1.972407
0.358000,1.457934,1.207159,0.664623,1.267725,1.745340
0.360000,1.175567,1.278878,1.388858,1.277569,1.605336
0.362000,0.851561,1.215727,1.020236,1.110334,1.227325
0.364000,0.497382,0.326930,-1.517207,0.390797,1.159531
0.366000,0.125583,0.360491,0.856870,0.263205,1.129461
0.368000,-0.250664,-0.764019,0.666357,-0.589286,1.091268
0.370000,-0.618032,-0.422753,-0.011577,-0.504466,0.264347
0.372000,-0.963506,-0.761523,-0.575658,-0.851337,-1.090010
0.374000,-1.274853,-0.710478,-0.137723,-0.927630,-1.849345
0.376000,-1.541025,-1.634233,-1.844968,-1.630522,-2.357820
0.378000,-1.752613,-1.636128,-1.978189,-1.730822,-2.710622
0.380000,-1.902113,-2.192168,-2.762938,-2.123031,-2.764266
0.382000,-1.984229,-0.982617,0.572231,-1.408251,-3.073012
0.384000,-1.996054,-1.155371,-1.232873,-1.482795,-3.082711
0.386000,-1.937167,-1.712255,-0.659557,-1.856589,-3.277691
0.388000,-1.809654,-1.774738,-1.452207,-1.824501,-2.808329
0.390000,-1.618034,-1.740927,1.099061,-1.722049,-2.202307
0.392000,-1.369094,-1.248125,-2.162489,-1.350913,-2.063683
0.394000,-1.071654,-0.879918,-1.422394,-1.007103,-1.854702
0.396000,-0.736249,-0.195062,-1.529866,-0.413707,-1.128967
0.398000,-0.374763,-0.518128,-0.395683,-0.454658,-0.694954
0.400000,0.000000,0.268736,-0.584999,0.197254,-0.299053
0.402000,0.374763,0.518864,-0.220386,0.528164,0.031686
0.404000,0.736250,0.920246,0.507548,0.859194,0.391499
0.406000,1.071654,1.075850,1.568116,1.083650,0.671577
0.408000,1.369095,0.997183,1.665924,1.066248,1.310234
0.410000,1.618035,1.803486,1.033778,1.716603,1.586538
0.412000,1.809655,1.929871,3.651538,1.847927,2.212193
0.414000,1.937167,2.088136,4.652596,1.960799,2.181144
0.416000,1.996054,2.319297,1.515053,2.186227,2.478987
0.418000,1.984229,1.956655,2.972358,1.949180,2.450642
0.420000,1.902115,1.643843,2.182905,1.699503,2.346173
0.422000,1.752612,1.883781,0.623715,1.745531,2.563630
0.424000,1.541025,1.698919,1.946617,1.576494,2.042194
0.426000,1.274846,1.436080,2.334247,1.295103,1.575139
0.428000,0.963505,0.627162,0.066219,0.702369,1.115794
0.430000,0.618032,0.619376,1.950959,0.561564,0.649225
0.432000,0.250664,0.273517,2.771074,0.225299,-0.043922
0.434000,-0.125576,0.004781,-0.703090,-0.085915,-0.630459
0.436000,-0.497375,-0.252891,-0.415391,-0.369942,-1.275277
0.438000,-0.851555,-0.648058,-0.054995,-0.718771,-1.577415
0.440000,-1.175573,-0.903112,-0.625930,-1.020583,-2.062125
0.442000,-1.457940,-1.482814,-1.428273,-1.504246,-2.384700
0.444000,-1.688658,-0.980076,-3.192117,-1.235767,-2.003541
0.446000,-1.859554,-1.764336,-1.332858,-1.779501,-2.059914
0.448000,-1.964575,-1.940025,-2.697008,-1.939648,-1.983919
0.450000,-2.000000,-2.380179,-1.395234,-2.254997,-2.006628
0.452000,-1.964575,-2.277377,-3.082800,-2.255575,-1.801659
0.454000,-1.859554,-1.831466,-2.740919,-1.929588,-1.491860
0.456000,-1.688658,-1.754637,-0.237842,-1.848370,-1.559913
0.458000,-1.457934,-1.636563,-1.599983,-1.665504,-1.285262
0.460000,-1.175567,-1.404248,-1.433051,-1.428698,-0.924356
0.462000,-0.851554,-0.829614,0.244656,-0.951263,-0.937225
0.464000,-0.497382,-0.531041,-1.720432,-0.639688,-0.676034
0.466000,-0.125583,0.207629,0.349154,-0.040550,-0.192475
0.468000,0.250664,0.116758,0.449096,0.104126,0.060285
0.470000,0.618032,0.147555,-0.298136,0.243346,0.416972
0.472000,0.963506,1.006359,2.210400,0.966717,0.570728
0.474000,1.274847,0.860764,-0.208903,0.947922,1.216313
0.476000,1.541030,1.089489,1.365713,1.224004,1.783012
0.478000,1.752613,2.026767,3.764046,1.945365,1.710834
0.480000,1.902113,1.700124,2.126763,1.825008,1.929925
0.482000,1.984229,2.012025,2.801180,2.018515,1.926829
0.484000,1.996054,1.656699,2.169612,1.755091,2.166428
0.486000,1.937167,1.776328,1.790546,1.816669,2.306660
0.488000,1.809654,1.672174,2.616650,1.682484,1.847546
0.490000,1.618034,1.808376,-0.272742,1.693928,2.005538
0.492000,1.369094,1.316025,2.601996,1.298558,1.656028
0.494000,1.071654,1.221684,0.899839,1.161431,1.299503
0.496000,0.736249,1.001184,0.954638,0.948695,0.986871
0.498000,0.374763,0.785143,0.332619,0.727581,0.859135
0.500000,-0.000000,-0.297533,-0.632298,-0.099347,0.385529
0.502000,-0.374756,-0.467506,0.793479,-0.370592,-0.013954
0.504000,-0.736250,-0.932539,-0.702815,-0.796368,-0.464248
0.506000,-1.071654,-1.094693,-2.748691,-1.050070,-0.451609
0.508000,-1.369095,-1.313809,-2.582784,-1.355958,-0.345516
0.510000,-1.618035,-1.746578,-1.970822,-1.674366,-1.015044
0.512000,-1.809655,-1.561479,-1.161725,-1.622521,-1.469465
0.514000,-1.937167,-1.620399,-1.635402,-1.673861,-1.850116
0.516000,-1.996053,-1.692883,-1.464316,-1.767247,-2.319707
0.518000,-1.984229,-1.841373,-2.127523,-1.842579,-2.172536
0.520000,-1.902115,-1.840826,-1.216736,-1.826921,-2.389513
0.522000,-1.752612,-1.800427,-1.022504,-1.723441,-2.049266
0.524000,-1.541030,-1.265771,-1.367383,-1.330204,-2.209788
0.526000,-1.274846,-1.037209,-1.076080,-1.039269,-1.996809
0.528000,-0.963505,-1.038720,-2.163655,-0.917668,-1.575868
0.530000,-0.618039,-0.120030,-0.424783,-0.111745,-1.247238
0.532000,-0.250664,-0.587692,0.519262,-0.320220,-0.831695
0.534000,0.125576,0.250485,0.920893,0.297669,-0.701537
0.536000,0.497383,0.700766,0.211555,0.717815,-0.082418
0.538000,0.851555,0.174173,1.394132,0.421258,0.689523
0.540000,1.175573,0.848876,2.107120,0.887973,1.224237
0.542000,1.457934,1.297493,0.989988,1.211287,1.762500
0.544000,1.688658,1.969808,2.044284,1.741339,1.789430
0.546000,1.859554,1.424923,1.551396,1.417833,1.953363
0.548000,1.964574,2.623440,2.716039,2.295274,1.945465
0.550000,2.000000,2.578294,3.796775,2.426585,1.828630
0.552000,1.964575,2.311738,2.216244,2.253175,1.586443
0.554000,1.859551,1.637658,1.482833,1.794611,1.468732
0.556000,1.688658,1.773181,0.294756,1.842491,1.636759
0.558000,1.457934,1.008367,1.446546,1.325637,1.389043
0.560000,1.175573,1.055909,0.634982,1.158232,1.500681
0.562000,0.851561,0.830910,1.382031,0.953715,1.175131
0.564000,0.497375,0.832467,1.469414,0.824230,0.645056
0.566000,0.125583,0.613332,0.968285,0.582853,0.164713
0.568000,-0.250672,0.256661,0.311221,0.294773,-0.225075
0.570000,-0.618032,-1.107536,-0.016172,-0.815004,-0.825116
0.572000,-0.963512,-0.872375,-1.118084,-0.856528,-1.341820
0.574000,-1.274847,-0.320044,-2.251262,-0.658792,-1.435265
0.576000,-1.541026,-1.433517,0.165941,-1.377477,-2.139821
0.578000,-1.752613,-1.715526,-0.768420,-1.728431,-2.364500
0.580000,-1.902113,-1.964782,-0.669281,-1.821123,-2.564003
0.582000,-1.984230,-1.805003,-0.156163,-1.705371,-2.854861
0.584000,-1.996053,-1.879275,-3.079090,-1.733067,-2.919609
0.586000,-1.937165,-1.219418,-0.307856,-1.323710,-2.597808
0.588000,-1.809654,-2.153147,-2.020806,-1.772609,-1.964704
0.590000,-1.618039,-1.793258,-2.727804,-1.593768,-1.765053
0.592000,-1.369094,-0.924626,-1.554274,-1.008111,-1.190324
0.594000,-1.071654,-0.843545,-0.140547,-0.870003,-0.685724
0.596000,-0.736249,-0.565636,-0.642659,-0.518927,-0.204705
0.598000,-0.374763,-0.172835,-0.819152,-0.094518,0.249997
0.600000,0.000008,-0.139900,-0.549894,0.131894,0.528688
0.602000,0.374763,0.434488,-1.441191,0.532830,0.679314
0.604000,0.736243,-0.380739,1.242829,-0.049668,1.147996
0.606000,1.071654,0.928163,-0.114731,0.884881,1.505473
0.608000,1.369089,1.547701,2.159951,1.361860,1.629542
0.610000,1.618035,1.573304,0.216817,1.429197,1.647621
0.612000,1.809655,1.858507,2.275491,1.643983,1.816270
0.614000,1.937167,1.827709,0.883242,1.707368,1.705079
0.616000,1.996054,2.476025,1.734981,2.156358,1.623087
0.618000,1.984230,2.337887,0.161106,2.203880,1.162994
0.620000,1.902112,1.988221,3.303696,1.967921,1.280044
0.622000,1.752616,1.353832,0.690327,1.540397,1.056988
0.624000,1.541025,1.892431,2.029421,1.839936,0.905743
0.626000,1.274852,1.642461,1.145939,1.683818,0.767440
0.628000,0.963505,0.130426,0.511653,0.657353,0.331989
0.630000,0.618032,0.491277,2.751217,0.755804,0.501323
0.632000,0.250664,-0.121277,1.036990,0.148555,0.419992
0.634000,-0.125584,-0.160624,-0.028447,-0.075632,0.178645
0.636000,-0.497375,0.136320,-2.896021,-0.219557,-0.549953
0.638000,-0.851561,-0.531184,-1.052230,-0.714238,-1.212465
0.640000,-1.175567,-0.886053,0.058131,-0.955003,-1.431767
0.642000,-1.457940,-2.366452,-1.986318,-2.069071,-1.835242
0.644000,-1.688654,-1.612235,-2.550987,-1.805938,-2.091435
0.646000,-1.859554,-1.577055,-0.196284,-1.870947,-2.037848
0.648000,-1.964575,-2.116347,-1.680671,-2.179771,-2.002166
0.650000,-2.000000,-1.660693,-2.811985,-1.835886,-2.352657
0.652000,-1.964574,-2.510840,-1.552113,-2.251484,-2.226161
0.654000,-1.859554,-2.420424,-4.684964,-2.303037,-2.823343
0.656000,-1.688653,-1.569790,-2.914699,-1.788156,-2.790704
0.658000,-1.457939,-1.683315,-1.572306,-1.690800,-2.878917
0.660000,-1.175567,-0.865722,-2.134847,-1.200867,-2.628741
0.662000,-0.851561,-1.064780,-0.327297,-1.150148,-1.967044
0.664000,-0.497382,-0.760445,0.651458,-0.882808,-1.598773
0.666000,-0.125576,0.321877,0.243126,-0.128364,-1.099055
0.668000,0.250664,0.582954,-1.256058,0.346038,-0.583486
0.670000,0.618039,0.365992,1.366178,0.454899,-0.237854
0.672000,0.963506,0.926476,2.491733,1.062209,0.190149
0.674000,1.274853,1.360934,1.928640,1.343571,0.630516
0.676000,1.541026,1.562421,1.459465,1.576887,1.217772
0.678000,1.752613,1.450954,1.685369,1.660603,1.627307
0.680000,1.902115,2.026722,0.149283,2.036610,2.112781
0.682000,1.984229,2.065119,1.436509,2.202549,2.268228
0.684000,1.996053,2.036799,2.262878,2.126029,2.326952
0.686000,1.937166,1.611424,-0.416944,1.749668,2.219708
0.688000,1.809651,2.297691,3.453662,2.117910,2.392514
0.690000,1.618034,1.136759,1.662847,1.356827,2.248396
0.692000,1.369100,0.978257,0.878840,1.103718,2.021040
0.694000,1.071654,1.166351,1.866561,1.024712,1.505301
0.696000,0.736256,0.681357,-0.286448,0.568799,0.958381
0.698000,0.374762,0.234378,-0.403158,0.162983,0.352170
0.700000,0.000007,0.286488,0.919019,0.081422,0.067603
0.702000,-0.374763,-0.275854,0.236400,-0.362320,-0.398593
0.704000,-0.736243,-1.142934,-0.924063,-1.017934,-1.058796
0.706000,-1.071654,-1.312628,-1.355794,-1.320724,-1.710590
0.708000,-1.369100,-1.092237,-2.690844,-1.317350,-2.034124
0.710000,-1.618035,-1.887244,-2.816083,-1.881221,-2.476511
0.712000,-1.809658,-1.427459,-2.152416,-1.693713,-2.415685
0.714000,-1.937167,-2.369538,-1.439328,-2.230744,-2.522863
0.716000,-1.996054,-2.067789,-3.578411,-2.072268,-2.541644
0.718000,-1.984229,-2.506061,-2.225658,-2.393584,-2.406443
0.720000,-1.902110,-2.507636,0.671790,-2.357110,-2.637431
0.722000,-1.752612,-1.754709,-2.012689,-1.957979,-2.362961
0.724000,-1.541030,-1.945300,-0.727103,-1.996291,-2.115100
0.726000,-1.274846,-0.842223,-0.110571,-1.300396,-1.698811
0.728000,-0.963512,-0.778238,-0.089396,-1.049636,-1.163653
0.730000,-0.618032,-0.443456,0.305378,-0.675653,-0.743088
0.732000,-0.250671,-0.665981,-0.258833,-0.535901,-0.396028
0.734000,0.125584,0.686249,0.488585,0.383302,0.082256
0.736000,0.497375,0.272807,1.050978,0.381684,0.495590
0.738000,0.851562,0.237841,0.490391,0.494973,0.763726
0.740000,1.175567,1.484111,1.522493,1.351721,1.138949
0.742000,1.457940,1.348858,2.941362,1.462319,1.494294
0.744000,1.688654,1.654205,1.623947,1.790043,1.785396
0.746000,1.859554,1.938387,1.620214,1.980393,1.829776
0.748000,1.964577,1.991565,1.137864,2.089440,1.845942
0.750000,2.000000,2.079099,3.415484,2.130594,2.058037
0.752000,1.964575,1.973420,2.094531,1.973368,1.657244
0.754000,1.859551,1.948561,-0.188628,1.914181,1.480871
0.756000,1.688657,1.875746,2.854082,1.793222,1.372782
0.758000,1.457934,1.445109,-0.919067,1.494699,1.051382
0.760000,1.175573,0.890788,1.455108,1.077991,0.848776
0.762000,0.851554,1.060363,2.499106,1.009323,0.843321
0.764000,0.497382,0.337105,-0.877395,0.450677,0.500775
0.766000,0.125591,-0.138819,0.410689,0.037598,0.211701
0.768000,-0.250664,-0.519259,0.418004,-0.383583,-0.068698
0.770000,-0.618025,-0.442067,1.283484,-0.593215,-0.252497
0.772000,-0.963506,-1.108498,0.280569,-1.078380,-0.510098
0.774000,-1.274841,-1.368236,0.166586,-1.401386,-0.740105
0.776000,-1.541026,-1.688578,-1.227891,-1.708010,-1.096716
0.778000,-1.752616,-1.841603,-3.346944,-1.882955,-1.835700
0.780000,-1.902113,-1.711322,-2.835129,-1.913779,-2.484941
0.782000,-1.984230,-2.182194,-2.105902,-2.172358,-2.673785
0.784000,-1.996053,-1.366493,-2.246113,-1.770128,-2.889957
0.786000,-1.937165,-1.835919,-3.702866,-1.883962,-2.969122
0.788000,-1.809654,-1.746818,-0.425255,-1.746727,-2.945691
0.790000,-1.618030,-1.782526,-1.767128,-1.649539,-2.886894
0.792000,-1.369094,-1.070685,-1.106665,-1.178033,-2.551547
0.794000,-1.071647,-0.985989,-1.808715,-0.934794,-2.006432
0.796000,-0.736249,-0.945436,-0.934398,-0.751657,-1.773653
0.798000,-0.374770,-0.291754,-1.143403,-0.270756,-1.182771
0.800000,0.000000,0.309722,0.240705,0.236133,-0.560467
0.802000,0.374756,0.462684,1.984371,0.514107,-0.004146
0.804000,0.736250,0.517922,1.561747,0.703504,0.610320
0.806000,1.071648,1.132243,2.890150,1.142811,1.056470
0.808000,1.369095,1.951797,2.092008,1.718940,1.397803
0.810000,1.618030,1.581827,1.894695,1.664528,1.393480
0.812000,1.809655,1.859285,1.431132,1.889934,1.551536
0.814000,1.937169,1.129729,2.876657,1.565171,1.605416
0.816000,1.996054,2.133761,3.462985,2.060012,1.471121
0.818000,1.984228,2.382921,0.768325,2.179021,1.605559
0.820000,1.902112,2.039604,2.121978,1.986336,1.547401
0.822000,1.752609,1.757742,2.115600,1.778983,1.411555
0.824000,1.541025,1.629771,1.791279,1.654701,1.302016
0.826000,1.274852,1.336362,1.374600,1.354990,0.918426
0.828000,0.963505,1.288822,1.454716,1.129922,0.530761
0.830000,0.618039,0.346765,1.218754,0.497186,0.101495
0.832000,0.250664,0.384970,1.555264,0.356829,-0.512185
0.834000,-0.125576,-0.341694,0.297259,-0.183534,-0.915657
0.836000,-0.497383,-0.800329,0.079340,-0.666841,-1.340052
0.838000,-0.851555,-0.893412,-0.380205,-0.935510,-1.683048
0.840000,-1.175561,-1.098362,0.314346,-1.152285,-2.093648
0.842000,-1.457934,-1.986023,-1.174795,-1.740636,-2.256598
0.844000,-1.688658,-1.063006,-2.312342,-1.460839,-2.212031
0.846000,-1.859552,-2.250215,-2.660133,-2.151338,-2.208746
0.848000,-1.964575,-2.167984,-3.750923,-2.192822,-1.981744
0.850000,-2.000000,-1.635591,-1.958233,-1.936607,-1.642144
0.852000,-1.964574,-1.883319,-1.393301,-1.976921,-1.668320
0.854000,-1.859554,-2.224077,-2.301212,-2.079434,-1.411955
0.856000,-1.688653,-2.017556,-1.320907,-1.902802,-1.259649
0.858000,-1.457939,-0.844690,-0.803891,-1.233188,-1.039691
0.860000,-1.175566,-0.401625,-3.245101,-0.779427,-0.370652
0.862000,-0.851561,-1.060084,0.277028,-0.876228,-0.416571
0.864000,-0.497375,-0.316317,-1.131855,-0.311178,-0.170488
0.866000,-0.125583,-0.440884,0.088272,-0.163529,0.125586
0.868000,0.250657,0.596613,0.835851,0.456135,0.234156
0.870000,0.618032,0.858312,1.982741,0.777229,0.217768
0.872000,0.963499,1.096411,0.879234,1.114924,0.213079
0.874000,1.274847,0.660834,1.297086,1.077106,0.526142
0.876000,1.541021,1.209500,-0.097122,1.437891,1.220564
0.878000,1.752613,2.543339,2.326486,2.088211,1.623252
0.880000,1.902115,1.534950,2.542305,1.742383,2.070932
0.882000,1.984229,2.334369,3.093064,2.164722,2.037273
0.884000,1.996053,1.582693,-0.178169,1.879306,2.462829
0.886000,1.937166,2.590911,1.161985,2.225851,2.770032
0.888000,1.809651,1.828639,3.415068,1.821202,2.356751
0.890000,1.618034,1.804022,2.318762,1.712748,1.926216
0.892000,1.369089,0.837795,-0.501622,1.233745,2.333756
0.894000,1.071654,1.091123,0.309310,1.119298,1.709380
0.896000,0.736242,0.452588,0.517782,0.606161,1.658481
0.898000,0.374762,0.897360,1.698911,0.540406,1.272520
0.900000,0.000007,0.007158,-0.243512,0.031321,0.462383
0.902000,-0.374763,-0.758512,0.006710,-0.489250,-0.478899
0.904000,-0.736243,-1.232475,0.274646,-0.961010,-1.170789
0.906000,-1.071654,-1.815046,-3.348976,-1.532870,-1.398350
0.908000,-1.369089,-1.787209,-0.741788,-1.784824,-1.640821
0.910000,-1.618035,-2.082954,-0.740988,-1.939959,-2.052569
0.912000,-1.809651,-1.834494,-3.410485,-1.959657,-2.348293
0.914000,-1.937167,-2.307950,-2.572582,-2.118138,-2.817334
0.916000,-1.996054,-1.712843,-3.438114,-1.942708,-2.028481
0.918000,-1.984229,-2.245220,-3.891058,-2.013749,-1.471231
0.920000,-1.902110,-2.344021,-0.331037,-1.972951,-2.035508
0.922000,-1.752612,-1.611215,-1.861029,-1.538084,-2.095006
0.924000,-1.541020,-1.444746,-0.492520,-1.343750,-1.677660
0.926000,-1.274846,-0.946094,-0.290279,-0.974793,-1.520623
0.928000,-0.963512,-0.960127,-1.019514,-0.751116,-1.391314
0.930000,-0.618031,-0.916635,-1.419086,-0.459000,-1.162927
0.932000,-0.250671,-0.063139,-0.010666,0.099140,-0.730840
0.934000,0.125584,-0.033648,-1.122973,0.283701,-0.104267
0.936000,0.497375,0.328448,1.584169,0.590348,-0.004006
0.938000,0.851562,0.658304,0.732118,0.897504,0.455544
0.940000,1.175567,1.134779,0.631535,1.248829,0.803160
0.942000,1.457929,1.909600,1.697713,1.677584,0.927950
0.944000,1.688654,1.679926,1.560101,1.729522,1.495312
0.946000,1.859554,2.117116,0.449205,1.989693,2.123899
0.948000,1.964574,2.128761,2.575550,2.076604,2.665099
0.950000,2.000000,2.096684,1.166798,2.037701,3.190543
0.952000,1.964572,2.050423,2.143636,1.968591,2.740646
0.954000,1.859551,1.591808,0.604994,1.743898,2.749666
0.956000,1.688657,1.912686,1.554793,1.752029,2.199446
0.958000,1.457934,0.952912,2.459096,1.278938,1.652603
0.960000,1.175573,1.052292,1.810027,1.099753,1.300678
0.962000,0.851554,1.017414,0.254065,0.893668,0.968296
0.964000,0.497382,0.060534,-0.209687,0.331884,0.714633
0.966000,0.125576,0.884425,-0.229423,0.369534,0.214542
0.968000,-0.250665,-0.117661,0.204123,-0.211972,-0.298595
0.970000,-0.618039,-0.287485,-1.041649,-0.546449,-0.804787
0.972000,-0.963506,-0.844185,-1.581753,-0.943174,-1.027232
0.974000,-1.274841,-1.179071,-1.168689,-1.280252,-1.404765
0.976000,-1.541026,-0.878069,-0.664322,-1.367263,-1.845656
0.978000,-1.752609,-1.404923,-1.767406,-1.680869,-1.886226
0.980000,-1.902113,-1.107350,-1.594502,-1.691900,-2.124799
0.982000,-1.984230,-2.093544,-0.613755,-2.081831,-2.213575
0.984000,-1.996053,-1.997109,-0.924708,-2.115864,-2.195162
0.986000,-1.937165,-2.127477,-1.826288,-2.154577,-2.085270
0.988000,-1.809654,-1.967640,-3.160748,-2.060788,-2.111194
0.990000,-1.618030,-1.676389,-1.951872,-1.844261,-2.000743
0.992000,-1.369094,-1.604617,-2.336190,-1.633698,-1.730538
0.994000,-1.071647,-1.178712,0.022425,-1.296195,-1.407878
0.996000,-0.736249,-0.501282,0.956779,-0.803189,-1.013518
0.998000,-0.374755,-0.274062,-1.039756,-0.465550,-0.541014
1.000000,0.000000,-0.186194,1.055031,-0.176150,-0.087957
1.002000,0.374756,0.319578,-0.713433,0.269778,0.300046
1.004000,0.736236,0.571423,-0.051147,0.601639,0.603885
1.006000,1.071661,1.259791,0.126902,1.069134,1.197324
1.008000,1.369095,0.953714,1.811863,1.180858,1.433324
1.010000,1.618030,2.090930,0.584532,1.781387,1.687343
1.012000,1.809655,2.061247,1.977122,1.977021,2.099137
1.014000,1.937169,2.673755,2.793371,2.252716,2.028396
1.016000,1.996054,2.077573,0.994829,2.097804,2.338394
1.018000,1.984230,2.519870,1.691092,2.216989,2.248975
1.020000,1.902112,2.037385,1.774475,1.986927,2.158281
1.022000,1.752616,1.727575,2.876018,1.753142,1.979302
1.024000,1.541025,1.763985,3.083745,1.583914,1.994213
1.026000,1.274840,1.544201,1.867060,1.337207,1.612148
1.028000,0.963505,1.331096,0.880758,1.025761,1.292667
1.030000,0.618039,0.910912,0.608303,0.647101,0.974059
1.032000,0.250679,0.000729,2.249947,0.092042,0.526535
1.034000,-0.125592,-0.917724,0.551416,-0.407968,0.145919
1.036000,-0.497383,-0.423522,-0.660806,-0.522596,-0.235232
1.038000,-0.851555,-1.027877,-1.014882,-0.947939,-0.554017
1.040000,-1.175561,-1.093780,0.712963,-1.227655,-0.946148
1.042000,-1.457945,-1.271210,-1.353500,-1.424291,-1.295613
1.044000,-1.688658,-1.987945,-1.923856,-1.778706,-1.344042
1.046000,-1.859552,-1.576926,-2.778075,-1.773132,-1.462346
1.048000,-1.964572,-2.424383,-2.383349,-2.088453,-1.528402
1.050000,-2.000000,-1.720906,-1.320856,-1.938881,-1.726062
1.052000,-1.964574,-2.111768,-1.335337,-1.989703,-1.759091
1.054000,-1.859554,-1.445894,-1.875489,-1.764772,-1.681278
1.056000,-1.688653,-1.606531,-1.081855,-1.700474,-1.310393
1.058000,-1.457939,-1.327343,-0.372725,-1.472143,-1.122628
1.060000,-1.175579,-0.735269,-0.748794,-1.128226,-0.768146
1.062000,-0.851547,-1.064707,-1.940224,-1.008360,-0.513244
1.064000,-0.497375,-1.064980,-2.157759,-0.765698,-0.231768
1.066000,-0.125583,-0.778814,1.297425,-0.306125,0.164422
1.068000,0.250657,0.457426,1.672705,0.314499,0.587049
1.070000,0.618047,0.247162,0.985802,0.546982,1.010705
1.072000,0.963513,1.222581,2.146214,1.063223,1.380501
1.074000,1.274847,1.944049,1.685170,1.514242,1.765779
1.076000,1.541021,1.659778,3.899037,1.615413,2.053647
1.078000,1.752605,1.596704,2.049890,1.717744,2.332217
1.080000,1.902115,1.376156,3.044762,1.828712,2.233743
1.082000,1.984229,1.521649,3.476865,1.927160,2.069211
1.084000,1.996054,2.157626,2.215298,2.144068,2.069548
1.086000,1.937166,1.656452,2.757734,1.906197,1.755700
1.088000,1.809651,2.369310,1.210296,2.025346,1.940365
1.090000,1.618034,1.670206,1.485413,1.710963,1.770197
1.092000,1.369089,1.722445,2.631133,1.487262,1.446009
1.094000,1.071653,1.106346,-0.717413,1.092559,1.495151
1.096000,0.736256,0.752363,1.750863,0.748496,0.759427
1.098000,0.374747,-0.209826,2.062844,0.250583,-0.247991
1.100000,-0.000008,0.622162,0.493572,0.188329,-0.823803
1.102000,-0.374763,-0.284685,0.672248,-0.360028,-1.123094
1.104000,-0.736243,-0.283063,-1.187725,-0.664760,-1.346158
1.106000,-1.071642,-1.566240,-2.663724,-1.252989,-1.042122
1.108000,-1.369101,-1.537353,-1.542013,-1.455964,-1.048256
1.110000,-1.618035,-1.644326,-1.633286,-1.654691,-1.443820
1.112000,-1.809651,-2.013748,-2.895740,-1.888270,-1.201245
1.114000,-1.937163,-1.507594,-2.950226,-1.862092,-1.057830
1.116000,-1.996054,-2.290193,-2.385356,-2.070423,-1.012518
1.118000,-1.984229,-1.973600,-1.664709,-2.001848,-1.304445
1.120000,-1.902115,-1.661708,-1.722814,-1.841556,-1.210279
1.122000,-1.752612,-2.257843,0.467071,-1.908771,-1.812068
1.124000,-1.541030,-1.458310,-2.709183,-1.537508,-1.549705
1.126000,-1.274846,-1.869618,-2.081915,-1.395679,-0.810977
1.128000,-0.963498,-1.133437,-1.076651,-1.005025,-0.750203
1.130000,-0.618031,-0.601691,-2.439057,-0.559393,-0.387948
1.132000,-0.250671,-0.074245,-1.213444,-0.200577,0.061439
1.134000,0.125569,0.096933,-0.708170,0.117532,0.588481
1.136000,0.497390,0.448761,-2.121000,0.489549,1.524485
1.138000,0.851562,0.572816,0.716995,0.796965,1.973060
1.140000,1.175567,0.741775,0.226459,1.103743,2.238493
1.142000,1.457929,1.481130,1.660918,1.488165,2.116112
1.144000,1.688662,2.204965,1.301035,1.823268,2.479622
1.146000,1.859554,2.320881,2.734079,1.899348,2.321477
1.148000,1.964574,2.239116,2.869812,1.938739,2.021845
1.150000,2.000000,2.173340,1.685977,1.946259,1.516878
1.152000,1.964575,1.950898,2.957012,1.860775,0.916174
1.154000,1.859551,1.600579,0.350393,1.735770,0.306705
1.156000,1.688657,2.074878,2.800994,1.697451,-0.306023
1.158000,1.457934,1.589448,1.487778,1.432836,-0.093726
1.160000,1.175573,1.242924,1.931155,1.143464,-0.776734
1.162000,0.851568,1.183089,0.286493,0.887382,-0.403385
1.164000,0.497367,0.708471,-0.252413,0.493752,-0.141671
1.166000,0.125575,0.336824,-1.010726,0.124403,-0.272226
1.168000,-0.250665,-0.034146,0.893386,-0.230319,-0.134925
1.170000,-0.618025,-0.402819,-0.196521,-0.581741,-0.708183
1.172000,-0.963519,-0.926067,-1.415455,-0.912291,-0.554642
1.174000,-1.274853,-1.681091,-1.856263,-1.269872,-0.945901
1.176000,-1.541026,-1.709885,-2.783730,-1.458926,-0.934605
1.178000,-1.752609,-1.619750,-1.308332,-1.602217,-1.569544
1.180000,-1.902108,-1.756106,-2.215702,-1.781554,-1.961393
1.182000,-1.984230,-2.260329,-0.904127,-1.940133,-2.237586
1.184000,-1.996053,-1.426255,-2.009378,-1.765635,-2.743536
1.186000,-1.937168,-2.197816,-2.883734,-1.840006,-2.079853
1.188000,-1.809654,-1.677816,-2.312411,-1.685492,-2.203381
1.190000,-1.618030,-2.003313,-1.501225,-1.572369,-2.040308
1.192000,-1.369094,-1.152025,-2.300175,-1.207897,-1.682983
1.194000,-1.071647,-1.316277,-1.478208,-1.038206,-1.128762
1.196000,-0.736249,-1.032630,-1.077564,-0.730633,-0.726140
1.198000,-0.374770,-0.410958,0.858384,-0.326247,-0.747150
1.200000,0.000016,0.396209,1.520663,0.099317,-1.172109
1.202000,0.374771,-0.087124,0.786081,0.255336,-0.837662
1.204000,0.736250,1.079666,-0.061722,0.772099,0.079617
1.206000,1.071648,0.669657,1.505258,1.047137,0.440985
1.208000,1.369084,1.531372,2.243517,1.453164,1.084250
1.210000,1.618039,1.353892,2.048171,1.607369,1.360108
1.212000,1.809655,1.882132,1.907073,1.810481,1.736469
1.214000,1.937165,1.921996,2.989563,1.965238,1.089294
1.216000,1.996053,1.813593,1.396074,1.902871,1.425181
1.218000,1.984228,2.103594,1.522150,1.955568,1.925653
1.220000,1.902112,2.186085,1.713266,1.870898,2.224554
1.222000,1.752616,1.464121,2.141205,1.645962,2.006655
1.224000,1.541025,1.519672,1.941677,1.464700,2.060027
1.226000,1.274852,1.601153,1.530558,1.288705,1.932333
1.228000,0.963505,1.390180,1.747272,0.966578,1.605123
1.230000,0.618024,0.991154,-1.572016,0.566364,1.757739
1.232000,0.250663,-0.019235,-0.727947,0.039563,1.065415
1.234000,-0.125577,-0.148185,-1.610761,-0.170736,0.972358
1.236000,-0.497368,-0.199715,-0.583027,-0.518713,0.761820
1.238000,-0.851569,-1.322085,-0.918737,-0.950898,0.229082
1.240000,-1.175573,-1.244949,-1.723164,-1.166894,-0.353344
1.242000,-1.457935,-1.877207,-1.485361,-1.374846,-0.929577
1.244000,-1.688650,-1.572346,-0.060508,-1.525610,-1.638192
1.246000,-1.859557,-2.151258,-3.283506,-1.754655,-1.841568
1.248000,-1.964575,-2.004453,-3.024379,-1.785036,-1.545519
1.250000,-2.000000,-1.897758,-3.311517,-1.812968,-1.274987
1.252000,-1.964576,-2.165930,-2.332362,-1.887271,-1.323377
1.254000,-1.859554,-2.232369,-2.403906,-1.785773,-1.304770
1.256000,-1.688653,-1.585157,-1.837733,-1.545841,-1.361483
1.258000,-1.457939,-1.220782,-2.908656,-1.414074,-0.891426
1.260000,-1.175566,-0.898931,-2.033038,-1.280785,-0.952264
1.262000,-0.851561,-1.259950,-0.513943,-1.141670,-0.281495
1.264000,-0.497374,-0.755822,1.058876,-0.673550,-0.338992
1.266000,-0.125568,-0.239264,-0.308555,-0.243616,0.457358
1.268000,0.250672,-0.521657,0.211413,0.008888,0.676317
1.270000,0.618032,0.556913,-0.162099,0.597056,1.017198
1.272000,0.963499,1.352742,0.842005,0.995381,1.379642
1.274000,1.274859,1.469377,2.846711,1.238902,0.957960
1.276000,1.541031,1.401813,2.240093,1.398125,0.321837
1.278000,1.752613,1.108488,1.223145,1.637725,0.780866
1.280000,1.902110,1.775652,1.990354,1.895103,0.811102
1.282000,1.984227,1.754733,1.909535,1.917878,1.132441
1.284000,1.996053,1.798664,3.251858,1.898586,0.909871
1.286000,1.937166,1.841997,2.420400,1.892790,1.014958
1.288000,1.809657,1.669574,2.130478,1.709389,0.762449
1.290000,1.618034,1.523641,1.327531,1.417758,1.010683
1.292000,1.369089,2.028960,3.058359,1.160979,0.494464
1.294000,1.071653,0.765801,-0.419039,0.715171,1.100112
1.296000,0.736242,0.670788,2.083696,0.459770,-0.062412
1.298000,0.374762,0.465543,-0.219047,0.140128,-0.178698
1.300000,0.000007,0.432459,-1.680381,-0.127750,0.282014
1.302000,-0.374778,-0.287212,1.212568,-0.605199,-0.393035
1.304000,-0.736257,-0.803348,-0.892141,-1.046184,-0.260987
1.306000,-1.071655,-1.156628,0.078974,-1.384948,-1.368543
1.308000,-1.369090,-1.296010,-2.168670,-1.591749,-1.509316
1.310000,-1.618026,-1.491220,-2.321922,-1.704341,-1.433532
1.312000,-1.809658,-1.915968,-2.705433,-1.892014,-1.126506
1.314000,-1.937167,-1.784886,-2.093114,-1.890677,-0.944745
1.316000,-1.996053,-2.073400,-3.289382,-1.928964,-0.680670
1.318000,-1.984231,-1.785883,-3.014600,-1.873633,-0.349240
1.320000,-1.902110,-1.600110,-0.652962,-1.757381,-1.051834
1.322000,-1.752612,-1.290751,-0.366915,-1.577398,-1.618964
1.324000,-1.541030,-1.983258,-1.376699,-1.596764,-1.991844
1.326000,-1.274846,-1.340831,-0.471803,-1.163715,-1.240625
1.328000,-0.963512,-1.204900,-0.526698,-0.838730,-2.095352
1.330000,-0.618031,-0.721986,-1.460177,-0.483166,-1.438565
1.332000,-0.250656,-0.599757,-2.571999,-0.191062,0.181396
1.334000,0.125584,-0.177592,-0.135156,0.211524,-0.204101
1.336000,0.497376,0.075689,0.789889,0.592038,0.072309
1.338000,0.851576,1.452567,1.071466,1.091719,0.088820
1.340000,1.175580,1.277813,1.576172,1.235614,0.739458
1.342000,1.457940,1.358571,0.410008,1.426529,1.842587
1.344000,1.688654,2.046413,1.987224,1.749221,2.305238
1.346000,1.859549,1.988826,2.869740,1.792162,2.111244
1.348000,1.964577,1.944404,2.421450,1.829696,2.752322
1.350000,2.000000,1.443421,0.394393,1.802341,3.818284
1.352000,1.964575,1.765421,2.553549,1.817858,2.737891
1.354000,1.859557,2.004398,0.773737,1.724482,2.285855
1.356000,1.688657,1.923094,1.832080,1.593238,2.037238
1.358000,1.457934,1.205421,3.151174,1.300260,1.127353
1.360000,1.175560,0.527581,0.971536,1.069721,0.597778
1.362000,0.851554,1.205219,-1.924888,0.951370,0.973410
1.364000,0.497382,0.571818,0.248706,0.531337,1.179363
1.366000,0.125560,0.201248,-1.066884,0.135522,1.307268
1.368000,-0.250680,-0.176405,-0.124723,-0.180619,0.927705
1.370000,-0.618040,-0.708433,-1.873378,-0.698765,0.874593
1.372000,-0.963506,-1.099021,0.841010,-1.098798,-0.042560
1.374000,-1.274841,-1.303478,-0.175261,-1.389943,-0.497254
1.376000,-1.541035,-1.106134,-1.767067,-1.663982,-0.953691
1.378000,-1.752617,-1.613235,-1.372742,-1.940117,-2.048357
1.380000,-1.902113,-1.642003,0.017379,-2.058015,-3.108263
1.382000,-1.984228,-2.232828,-1.335475,-2.109393,-2.988741
1.384000,-1.996054,-1.667187,-2.148507,-1.968469,-3.611287
1.386000,-1.937165,-1.757821,-1.796504,-1.926122,-3.371475
1.388000,-1.809654,-1.996535,-2.369764,-1.878111,-3.262583
1.390000,-1.618039,-1.161372,-1.616979,-1.486623,-3.537862
1.392000,-1.369105,-1.125436,-0.737640,-1.149149,-3.030113
1.394000,-1.071647,-0.642440,-0.191794,-0.864225,-1.667750
1.396000,-0.736249,-0.478045,-1.129280,-0.512096,-1.293146
1.398000,-0.374770,-0.337703,-1.053923,-0.154562,-0.706957
1.400000,-0.000015,-0.399139,-1.294159,0.186494,-0.375396
1.402000,0.374741,0.640870,-1.719361,0.744943,0.262046
1.404000,0.736250,0.528598,0.256440,1.035109,0.599730
1.406000,1.071648,0.780195,-0.548182,1.363595,0.826240
1.408000,1.369084,0.906075,0.170147,1.595714,1.053715
1.410000,1.618039,1.565409,1.874567,1.888150,1.381639
1.412000,1.809655,1.887647,2.837523,2.038337,1.642820
1.414000,1.937165,1.282217,1.114756,2.002555,1.743550
1.416000,1.996055,2.002915,3.051438,2.106715,1.907499
1.418000,1.984228,2.051413,3.350639,2.051570,1.931728
1.420000,1.902112,2.670191,-0.347174,2.057264,1.908516
1.422000,1.752601,2.349545,2.225504,1.785167,1.781785
1.424000,1.541015,1.229979,2.694935,1.374921,1.741119
1.426000,1.274840,1.530041,1.571590,1.223025,1.554523
1.428000,0.963505,0.857491,1.715588,0.856195,1.342232
1.430000,0.618038,0.643633,-0.357665,0.517160,1.033319
1.432000,0.250648,0.036180,3.601615,0.200021,0.601352
1.434000,-0.125592,-0.233600,-0.815084,-0.125596,0.337189
1.436000,-0.497383,-0.455777,-1.055176,-0.429923,0.189749
1.438000,-0.851555,-1.373103,-0.326092,-0.857636,-0.327548
1.440000,-1.175586,-1.368050,-2.176756,-1.094890,-0.664229
1.442000,-1.457945,-1.338959,-1.588968,-1.311860,-1.042693
1.444000,-1.688658,-1.848963,-1.790596,-1.652122,-1.352328
1.446000,-1.859552,-1.838683,-2.193446,-1.818435,-1.585424
1.448000,-1.964572,-1.661542,-2.363823,-1.930095,-1.735687
1.450000,-2.000000,-2.038102,-0.972774,-2.096857,-2.100103
1.452000,-1.964574,-1.987986,-2.362937,-2.113520,-1.860445
1.454000,-1.859554,-2.017129,-1.736018,-2.072793,-1.919066
1.456000,-1.688661,-1.612856,-2.549638,-1.838237,-1.808946
1.458000,-1.457949,-1.475291,0.066846,-1.630826,-1.802797
1.460000,-1.175566,-0.340090,-0.259190,-1.181090,-1.629853
1.462000,-0.851561,-1.148646,-0.700415,-1.047781,-1.100045
1.464000,-0.497389,-0.244920,-0.233512,-0.522698,-0.901730
1.466000,-0.125598,-0.490806,-2.304905,-0.193341,-0.369291
1.468000,0.250672,0.330347,-1.594044,0.265215,0.093409
1.470000,0.618032,0.673997,0.664636,0.705954,0.478729
1.472000,0.963499,0.807011,0.837374,1.037521,0.939407
1.474000,1.274835,1.242902,2.463645,1.361680,1.269123
1.476000,1.541031,1.506277,2.219803,1.663455,1.584383
1.478000,1.752613,1.462656,1.221688,1.795007,1.866685
1.480000,1.902110,2.073241,0.893088,2.007149,2.043166
1.482000,1.984231,2.374865,1.694876,2.140416,1.919088
1.484000,1.996053,2.326604,0.213156,2.117722,1.830713
1.486000,1.937166,1.913924,1.336285,2.004788,1.603864
1.488000,1.809657,1.853274,1.526288,1.886238,1.365251
1.490000,1.618025,1.393226,1.029119,1.651254,0.677779
1.492000,1.369089,1.926524,1.547269,1.473129,0.264672
1.494000,1.071653,0.766313,-0.847355,1.058775,-0.389312
1.496000,0.736227,0.970461,0.859490,0.810413,-0.797351
1.498000,0.374747,0.273970,-0.991941,0.464275,-1.159010
1.500000,-0.000008,0.368117,-1.010222,0.151093,-1.565906
1.502000,-0.374763,-0.423373,0.620098,-0.283648,-1.912203
1.504000,-0.736243,-0.602543,-1.737755,-0.583043,-2.326829
1.506000,-1.071667,-1.625868,-2.138456,-1.012328,-2.638228
1.508000,-1.369101,-1.576780,-2.006814,-1.250194,-2.686261
1.510000,-1.618035,-2.144048,-2.217546,-1.546740,-2.568682
1.512000,-1.809651,-1.513695,-0.480857,-1.669351,-2.471923
1.514000,-1.937171,-2.109169,-3.061852,-1.917007,-2.321639
1.516000,-1.996054,-2.431815,-2.159235,-2.069557,-2.112942
1.518000,-1.984229,-1.995128,-1.130033,-1.991025,-2.014620
1.520000,-1.902115,-1.798658,-2.668726,-1.944576,-1.742265
1.522000,-1.752620,-2.133291,-2.149024,-1.899955,-1.452238
1.524000,-1.541020,-1.481155,0.188996,-1.681629,-1.129180
1.526000,-1.274846,-0.929667,-1.188272,-1.381408,-1.029120
1.528000,-0.963512,-1.198647,-1.231081,-1.231416,-0.564291
1.530000,-0.618046,-0.477967,-1.317831,-0.827572,-0.340682
1.532000,-0.250686,-0.277901,-0.089430,-0.511779,-0.060292
1.534000,0.125584,0.732438,0.079143,-0.054430,0.498877
1.536000,0.497376,0.049099,0.697866,0.186483,0.791320
1.538000,0.851548,0.962148,-0.427174,0.697639,1.029444
1.540000,1.175555,1.116922,0.292212,1.067185,1.285090
1.542000,1.457940,1.180802,2.540839,1.389419,1.579668
1.544000,1.688654,1.550678,1.452325,1.631330,2.027988
1.546000,1.859549,1.823117,2.941525,1.857108,2.018306
1.548000,1.964571,1.507119,3.124908,1.959617,2.087664
1.550000,2.000000,1.589736,2.587759,2.016549,2.116805
1.552000,1.964575,2.150754,1.785325,2.039052,1.950728
1.554000,1.859557,1.759928,1.067067,1.894087,1.946922
1.556000,1.688649,1.787144,3.729873,1.713335,1.739903
1.558000,1.457934,1.407179,1.044528,1.387331,1.526208
1.560000,1.175572,1.566154,1.822153,1.154005,1.147950
1.562000,0.851540,1.039455,-0.586332,0.756368,0.940238
1.564000,0.497367,0.216137,-0.749420,0.306914,0.773908
1.566000,0.125575,-0.177190,0.354840,-0.140755,0.274920
1.568000,-0.250665,-0.444924,-0.223672,-0.418243,-0.140849
1.570000,-0.618054,-1.185669,0.349653,-0.872063,-0.843609
1.572000,-0.963520,-0.444903,-2.007857,-1.054964,-1.289719
1.574000,-1.274853,-1.175482,-1.106300,-1.397426,-1.487136
1.576000,-1.541026,-1.686211,-1.689152,-1.699228,-1.851623
1.578000,-1.752609,-2.064490,-3.222585,-1.898568,-1.818834
1.580000,-1.902117,-2.339256,-2.716622,-2.018580,-1.644148
1.582000,-1.984230,-1.707925,-3.084343,-1.987202,-1.501722
1.584000,-1.996053,-2.257295,-2.623245,-2.114130,-1.289207
1.586000,-1.937168,-2.444810,-1.756762,-2.106994,-1.226550
1.588000,-1.809648,-1.930772,-1.965803,-1.912597,-0.897559
1.590000,-1.618029,-2.169646,-1.125497,-1.779425,-0.827111
1.592000,-1.369094,-1.513768,0.020827,-1.535099,-1.009256
1.594000,-1.071660,-0.662300,-0.659123,-1.210941,-0.864041
1.596000,-0.736263,-0.946087,-2.789298,-0.955261,-0.251594
1.598000,-0.374755,-0.459728,-0.345566,-0.559891,-0.000424
1.600000,0.000001,-0.072368,-1.726964,-0.170788,0.656774
1.602000,0.374756,0.127082,0.427724,0.193153,0.996780
1.604000,0.736236,0.730504,-0.270736,0.526879,1.511705
1.606000,1.071635,1.169166,-0.639535,0.855453,2.150711
1.608000,1.369095,1.273406,1.173161,1.105305,2.402356
1.610000,1.618030,2.059833,1.320163,1.428403,2.571115
1.612000,1.809648,2.020810,1.869239,1.604874,2.698840
1.614000,1.937161,1.605937,2.065774,1.636281,2.864904
1.616000,1.996054,2.172456,2.391798,1.833587,2.850888
1.618000,1.984230,2.199276,0.695174,1.881815,2.816524
1.620000,1.902117,1.525428,4.138406,1.741420,2.457849
1.622000,1.752609,1.443238,2.334518,1.740968,1.960893
1.624000,1.541025,1.468988,1.440181,1.613547,1.340348
1.626000,1.274852,1.514948,1.697688,1.292635,0.856716
1.628000,0.963491,0.976790,2.515424,0.976327,0.346697
1.630000,0.618024,0.320917,-0.399093,0.620417,0.210759
1.632000,0.250663,0.724697,0.432784,0.352309,0.102212
1.634000,-0.125577,-0.338622,-0.377564,-0.083436,-0.262252
1.636000,-0.497398,-1.003339,1.532991,-0.500184,-0.886609
1.638000,-0.851569,-0.831909,0.584463,-0.790052,-1.130829
1.640000,-1.175574,-1.570555,-0.608138,-1.149597,-1.202116
1.642000,-1.457935,-1.175028,-1.537432,-1.465379,-1.283457
1.644000,-1.688666,-2.070290,-1.785807,-1.820965,-1.282813
1.646000,-1.859557,-2.572852,-0.536324,-1.946933,-1.511401
1.648000,-1.964575,-2.440412,-3.957177,-1.968380,-1.337836
1.650000,-2.000000,-2.049428,-2.492205,-2.008183,-1.217193
1.652000,-1.964576,-1.998090,-1.034006,-1.979926,-1.361717
1.654000,-1.859548,-1.351287,-4.541665,-1.867635,-0.994440
1.656000,-1.688653,-1.661346,-0.558687,-1.807902,-1.106649
1.658000,-1.457939,-0.810621,-0.851563,-1.671836,-1.094137
1.660000,-1.175578,-1.458810,0.258629,-1.536918,-1.179254
1.662000,-0.851574,-0.545934,-0.147402,-1.146268,-0.622881
1.664000,-0.497374,-0.663016,-0.260827,-0.905191,-0.251765
1.666000,-0.125583,-0.238348,-1.620757,-0.484499,0.308101
1.668000,0.250657,0.128247,0.405540,0.000658,0.304746
1.670000,0.618018,1.139116,-0.242684,0.411111,0.598463
1.672000,0.963513,0.822532,2.311760,0.755913,0.826474
1.674000,1.274847,1.877156,1.289061,1.104538,1.290111
1.676000,1.541021,1.460418,-0.263648,1.388152,1.995077
1.678000,1.752606,2.155801,2.476179,1.750139,2.159045
1.680000,1.902106,2.169737,0.415939,1.978295,2.601562
1.682000,1.984229,2.251074,2.928265,2.037313,2.809645
1.684000,1.996054,2.018142,1.948000,2.047121,2.712302
1.686000,1.937170,1.950331,1.445260,1.931683,2.814408
1.688000,1.809651,2.314018,0.172722,1.823984,2.209230
1.690000,1.618034,1.471054,1.211500,1.477126,1.614932
1.692000,1.369100,1.697402,0.500212,1.337873,0.814877
1.694000,1.071640,2.051487,0.953960,0.978008,0.278281
1.696000,0.736242,0.828087,0.107421,0.539907,-0.284476
1.698000,0.374762,0.525275,0.435210,0.247904,-0.586887
1.700000,-0.000024,-0.060728,-1.169873,-0.018963,-1.154296
1.702000,-0.374779,-0.301122,-1.464408,-0.409129,-1.581022
1.704000,-0.736257,-1.118289,-1.936913,-0.641871,-2.103212
1.706000,-1.071655,-0.914129,-2.715142,-0.946135,-2.298701
1.708000,-1.369090,-1.737519,-0.799807,-1.147157,-2.268134
1.710000,-1.618044,-1.261151,-0.739745,-1.358141,-2.446463
1.712000,-1.809658,-2.489150,-3.959740,-1.536436,-2.492533
1.714000,-1.937167,-1.416845,-0.679468,-1.629709,-2.475053
1.716000,-1.996053,-1.939100,-2.424567,-1.706675,-2.333030
1.718000,-1.984227,-2.247944,-2.376514,-1.690417,-2.079412
1.720000,-1.902110,-1.350341,-3.704453,-1.686474,-1.593636
1.722000,-1.752612,-1.677792,-0.677737,-1.583159,-1.489576
1.724000,-1.541030,-1.794494,-0.859467,-1.462063,-1.274650
1.726000,-1.274858,-1.326727,-2.596170,-1.333784,-0.846575
1.728000,-0.963498,-0.611644,0.294664,-1.069410,-0.585102
1.730000,-0.618031,-0.578250,0.230452,-0.819936,-0.200273
1.732000,-0.250671,-0.545236,-0.996988,-0.408842,0.118514
1.734000,0.125569,0.501485,-1.844087,0.006103,0.575262
1.736000,0.497361,0.802408,0.663820,0.419270,0.982340
1.738000,0.851562,0.432747,1.134549,0.736392,1.384513
1.740000,1.175568,1.202287,3.242140,1.251546,1.504966
1.742000,1.457930,0.875889,3.220060,1.510751,1.598009
1.744000,1.688646,1.722667,1.181829,2.017818,1.666951
1.746000,1.859555,2.271065,2.736701,2.047329,1.748787
1.748000,1.964574,2.305132,3.109684,2.038419,1.500194
1.750000,2.000000,2.184819,3.209008,2.096416,1.194008
1.752000,1.964578,1.459349,2.195888,1.959158,0.968980
1.754000,1.859551,1.671802,2.503473,1.906687,0.584119
1.756000,1.688657,1.635003,2.189349,1.832064,0.372055
1.758000,1.457944,1.339835,2.419546,1.611789,-0.049575
1.760000,1.175560,1.544014,3.289001,1.236987,-0.754206
1.762000,0.851554,0.539118,0.333583,0.864553,-0.761948
1.764000,0.497382,1.083913,0.588015,0.579709,-0.970329
1.766000,0.125560,0.583007,0.847780,0.007346,-1.249312
1.768000,-0.250680,-0.067780,-0.783263,-0.545438,-1.102979
1.770000,-0.618040,-0.377336,-0.126368,-0.826798,-1.203296
1.772000,-0.963506,-1.167879,0.002606,-1.174471,-1.445299
1.774000,-1.274865,-1.110865,-2.802162,-1.334872,-1.253293
1.776000,-1.541036,-1.107837,0.045283,-1.611125,-1.627707
1.778000,-1.752617,-1.961871,-1.318462,-1.930706,-1.642900
1.780000,-1.902113,-2.085020,-0.381416,-2.061277,-2.024422
1.782000,-1.984228,-1.842880,-1.290928,-2.083223,-2.096483
1.784000,-1.996053,-2.230765,-2.353878,-1.947426,-1.911170
1.786000,-1.937164,-1.926249,-1.476171,-1.768397,-1.728908
1.788000,-1.809654,-1.261214,-2.498639,-1.579530,-1.331096
1.790000,-1.618038,-1.571618,0.609474,-1.419230,-1.273293
1.792000,-1.369083,-1.279728,-2.066705,-1.221099,-1.379290
1.794000,-1.071647,-1.148797,-2.618164,-0.809692,-0.651187
1.796000,-0.736249,-0.990400,-1.139817,-0.575400,0.068110
1.798000,-0.374769,-0.440854,-2.542360,-0.244757,0.550352
1.800000,-0.000014,0.080127,0.252721,0.110492,1.246631
1.802000,0.374771,0.894476,-1.813370,0.395531,1.754065
1.804000,0.736250,0.601281,1.199196,0.770381,1.500976
1.806000,1.071648,0.853107,2.335124,1.114522,2.031460
1.808000,1.369084,1.537006,3.274351,1.368578,1.634496
1.810000,1.618021,2.333721,2.579260,1.626819,1.747434
1.812000,1.809655,1.796953,3.333277,1.767513,1.474622
1.814000,1.937165,2.153119,3.683070,1.883521,1.311269
1.816000,1.996053,2.120095,1.186525,2.011541,1.848372
1.818000,1.984232,1.917506,1.401295,1.996521,2.266076
1.820000,1.902112,1.908302,2.667248,1.833906,1.984403
1.822000,1.752616,1.958839,2.819618,1.713506,1.328397
1.824000,1.541034,1.701932,2.362144,1.489820,1.229136
1.826000,1.274840,0.996409,2.819533,1.296835,1.124760
1.828000,0.963505,1.227512,0.268001,1.097132,1.568375
1.830000,0.618038,1.382926,1.792551,0.715616,1.300989
1.832000,0.250648,0.429323,0.331673,0.249742,0.959908
1.834000,-0.125592,0.143690,-0.472826,-0.227953,1.309436
1.836000,-0.497383,-0.391451,-0.581044,-0.541359,0.820713
1.838000,-0.851583,-1.486154,-3.758919,-0.752088,1.169566
1.840000,-1.175586,-0.580437,-2.871555,-1.021558,0.732434
1.842000,-1.457945,-2.059419,-3.237598,-1.416185,0.635596
1.844000,-1.688658,-2.126977,-0.646658,-1.484893,0.005904
1.846000,-1.859552,-2.116816,-2.810144,-1.513887,-0.366845
1.848000,-1.964578,-2.007409,-1.669409,-1.610950,-0.472926
1.850000,-2.000000,-2.161528,-3.386676,-1.610610,-0.468711
1.852000,-1.964574,-1.829597,-0.976427,-1.541487,-1.030550
1.854000,-1.859554,-1.639365,-1.456496,-1.556718,-1.323421
1.856000,-1.688661,-1.283510,-0.667601,-1.545438,-1.702495
1.858000,-1.457928,-1.555518,-0.823416,-1.320282,-2.057061
1.860000,-1.175566,-0.858591,-2.795164,-1.167640,-1.801496
1.862000,-0.851560,-0.779756,0.888231,-1.094957,-2.057629
1.864000,-0.497389,-0.280805,-0.064463,-0.842357,-2.040317
1.866000,-0.125568,-1.084807,-1.606748,-0.482454,-1.126244
1.868000,0.250672,0.339046,-0.249191,0.001061,-1.028588
1.870000,0.618033,-0.036257,2.827053,0.630958,-0.333549
1.872000,0.963500,0.815714,2.158296,0.887603,0.109123
1.874000,1.274835,1.201708,1.912991,1.401786,0.757093
1.876000,1.541031,1.640072,0.496927,1.773960,1.006159
1.878000,1.752613,1.602226,0.014911,2.032928,1.498975
1.880000,1.902110,1.798421,3.210500,2.202636,1.786133
1.882000,1.984227,2.277516,1.470081,2.262621,2.341532
1.884000,1.996055,2.132642,3.079157,2.138478,2.317896
1.886000,1.937166,1.785879,2.364227,1.955588,2.228787
1.888000,1.809657,2.235167,1.993490,1.640530,1.720622
1.890000,1.618043,0.954078,2.500327,1.448882,1.342081
1.892000,1.369088,0.798506,2.547239,1.203853,1.082517
1.894000,1.071653,0.872708,1.989770,0.937692,0.342938
1.896000,0.736256,0.103139,0.618197,0.543554,-0.238507
1.898000,0.374747,-0.067501,-1.010236,0.478544,-0.085098
1.900000,-0.000009,0.115693,-0.449767,0.077258,-0.363197
1.902000,-0.374764,-0.261166,-1.169332,-0.249986,-0.652463
1.904000,-0.736272,-0.692818,-1.775979,-0.670171,-0.941321
1.906000,-1.071668,-0.966511,-0.791882,-1.060683,-1.433662
1.908000,-1.369101,-1.786196,-1.109672,-1.452920,-1.687497
1.910000,-1.618035,-1.783849,-1.994172,-1.663697,-1.480878
1.912000,-1.809652,-1.969449,-2.159351,-1.864877,-1.459955
1.914000,-1.937171,-2.176492,-3.451422,-2.138005,-0.941874
1.916000,-1.996054,-2.491242,-1.329346,-2.220454,-1.091162
1.918000,-1.984229,-2.040042,-1.935410,-2.168267,-1.087388
1.920000,-1.902115,-2.008102,-1.833814,-2.271216,-1.074613
1.922000,-1.752605,-1.760828,-1.839729,-1.977942,-0.954898
1.924000,-1.541020,-1.383303,-2.491248,-1.686558,-0.805932
1.926000,-1.274846,-1.420423,-1.898899,-1.427376,-0.609616
1.928000,-0.963511,-1.453896,-0.516963,-0.941144,-0.594351
1.930000,-0.618045,-0.263578,-0.963968,-0.530186,-0.025243
1.932000,-0.250656,0.011860,-1.320920,-0.333360,0.581644
1.934000,0.125585,-0.143940,-0.066629,-0.045004,1.017916
1.936000,0.497376,0.974205,0.687094,0.260545,1.312862
1.938000,0.851548,0.822713,2.388190,0.502830,1.184964
1.940000,1.175580,0.896789,0.083974,0.898821,1.654313
1.942000,1.457940,1.550821,2.868976,1.248667,1.483252
1.944000,1.688654,1.727050,-0.185942,1.486783,2.164709
1.946000,1.859549,1.422924,-0.341816,1.744231,3.081651
1.948000,1.964571,2.329652,0.175166,1.989405,3.260150
1.950000,2.000000,2.104041,0.983652,1.976942,3.095257
1.952000,1.964575,2.319050,2.703113,1.893196,3.152251
1.954000,1.859557,1.751941,2.447359,1.789968,2.805392
1.956000,1.688665,1.497597,0.767879,1.627923,2.762525
1.958000,1.457934,1.639033,1.345217,1.451035,2.549811
1.960000,1.175572,1.468901,1.293719,1.250157,1.984368
1.962000,0.851567,0.946950,2.066768,0.775304,1.509920
1.964000,0.497367,0.479582,0.189317,0.381926,1.454470
1.966000,0.125575,0.327553,-0.358746,0.079048,0.688998
1.968000,-0.250665,-0.299715,2.264471,-0.424039,0.035956
1.970000,-0.618054,-0.109301,0.229414,-0.833466,-1.277187
1.972000,-0.963520,-0.785864,-2.070595,-1.136575,-1.482164
1.974000,-1.274853,-1.428977,-1.004973,-1.427067,-2.470579
1.976000,-1.541026,-1.312772,-0.736988,-1.649104,-2.193631
1.978000,-1.752624,-1.701593,-2.270815,-1.721928,-2.205667
1.980000,-1.902118,-1.402630,-1.674178,-1.982731,-2.064755
1.982000,-1.984230,-1.884415,-1.869762,-2.074462,-1.994854
1.984000,-1.996053,-1.614600,-2.212766,-2.160237,-2.006379
1.986000,-1.937168,-1.816829,-0.088055,-2.034404,-1.955035
1.988000,-1.809648,-1.661371,-1.254946,-1.795276,-1.720256
1.990000,-1.618029,-0.981584,-1.620051,-1.620817,-1.312797
1.992000,-1.369094,-1.154898,-2.005768,-1.429548,-1.078811
1.994000,-1.071660,-1.584701,-2.116784,-1.051255,-1.132249
1.996000,-0.736234,-0.378741,-0.061667,-0.549929,-0.663119
1.998000,-0.374754,0.058039,0.649640,-0.217834,-0.053484
