Time,Clean,LessNoisy,Noisy,MMSELessNoisy,MMSENoisy
0.000000,0.000000,-0.219392,0.857584,0.000000,0.000000
0.002000,0.374763,0.491488,0.000842,0.000000,0.000000
0.004000,0.736249,0.735335,2.551197,0.000000,0.000000
0.006000,1.071654,1.258502,2.998383,0.000000,0.000000
0.008000,1.369094,1.343949,1.687937,0.000000,0.000000
0.010000,1.618034,1.533207,1.782861,0.000000,0.000000
0.012000,1.809654,2.128133,0.901396,-0.001653,0.000003
0.014000,1.937166,1.847383,2.603528,0.002927,0.007806
0.016000,1.996053,1.659811,0.968386,0.027251,0.052844
0.018000,1.984229,2.546918,0.490515,0.077188,0.066806
0.020000,1.902113,1.871682,0.028479,0.209377,0.080042
0.022000,1.752613,1.786085,2.826525,0.403880,0.052501
0.024000,1.541026,1.335959,2.016049,0.595444,0.192300
0.026000,1.274848,0.718078,0.406444,0.704038,0.239356
0.028000,0.963507,0.938604,0.103842,0.826586,0.210374
0.030000,0.618034,1.147820,0.771790,0.838839,0.155003
0.032000,0.250666,0.651587,0.360272,0.895088,0.260139
0.034000,-0.125581,0.025723,-0.758615,0.734706,0.244436
0.036000,-0.497380,-0.180877,-0.541065,0.352116,0.131746
0.038000,-0.851558,-0.714112,0.154525,0.105894,0.091196
0.040000,-1.175570,-1.320578,-2.078127,-0.171837,0.127324
0.042000,-1.457937,-1.762130,0.525368,-0.601393,-0.065873
0.044000,-1.688656,-1.360085,-2.108785,-1.056185,-0.075279
0.046000,-1.859553,-2.200237,-2.974590,-1.167922,-0.198239
0.048000,-1.964574,-1.893856,-0.006268,-1.517224,-0.345130
0.050000,-2.000000,-2.325149,-4.973582,-1.621289,-0.370228
0.052000,-1.964574,-1.991808,-2.535493,-1.802958,-0.578070
0.054000,-1.859553,-2.642995,-2.721650,-1.630768,-0.750681
0.056000,-1.688656,-1.784182,-1.666235,-1.855002,-0.874611
0.058000,-1.457937,-1.637107,-1.587095,-1.490355,-0.763289
0.060000,-1.175571,-1.241405,-1.091180,-1.234912,-1.044562
0.062000,-0.851559,-1.287529,-0.922187,-0.812165,-0.883434
0.064000,-0.497380,-0.755135,-0.788367,-0.749125,-0.820193
0.066000,-0.125581,-0.324974,0.831233,-0.261580,-0.607530
0.068000,0.250667,0.453960,0.221159,0.205773,-0.322994
0.070000,0.618034,0.846752,-0.152032,0.888222,-0.006284
0.072000,0.963507,0.803140,0.795535,1.274587,0.268160
0.074000,1.274848,1.016006,1.430909,1.327052,0.503568
0.076000,1.541026,1.440919,2.170557,1.469643,0.913021
0.078000,1.752614,1.714376,2.697088,1.824460,1.158453
0.080000,1.902113,1.376318,1.744507,2.036998,1.503657
0.082000,1.984229,2.129427,3.165518,1.721817,1.591509
0.084000,1.996053,2.165975,0.292900,2.081419,1.776016
0.086000,1.937166,2.299522,0.589617,2.173931,1.710968
0.088000,1.809654,1.433644,1.367365,2.207410,1.312323
0.090000,1.618033,1.594622,0.050721,1.524417,1.299520
0.092000,1.369095,1.089126,0.530063,1.451180,1.019075
0.094000,1.071654,1.424775,1.408700,1.088732,0.542226
0.096000,0.736249,0.837389,1.083494,1.115233,0.432644
0.098000,0.374763,0.535824,1.208411,0.603947,0.259601
0.100000,-0.000000,-0.208484,-1.185987,0.225725,0.073222
0.102000,-0.374763,-0.389879,-0.845886,-0.364833,-0.403501
0.104000,-0.736249,-0.643087,-1.577887,-0.600081,-0.698042
0.106000,-1.071654,-1.407816,-0.656692,-0.824887,-0.995637
0.108000,-1.369095,-0.565898,-2.187692,-1.427753,-1.018957
0.110000,-1.618034,-1.769487,-2.237662,-0.985062,-1.375157
0.112000,-1.809654,-2.061407,-0.931995,-1.660060,-1.413410
0.114000,-1.937166,-2.431241,-1.124159,-2.007517,-1.469202
0.116000,-1.996053,-1.717028,-1.344059,-2.264758,-1.270209
0.118000,-1.984229,-2.191572,-1.507947,-1.695591,-1.372523
0.120000,-1.902113,-1.192877,-2.882965,-1.818590,-1.241821
0.122000,-1.752613,-1.848866,-1.507493,-1.258051,-1.240371
0.124000,-1.541026,-1.673869,-2.781249,-1.373413,-1.035262
0.126000,-1.274848,-1.201089,-1.175263,-1.235219,-0.857658
0.128000,-0.963507,-0.950155,-2.190627,-0.767030,-0.482245
0.130000,-0.618035,-0.997203,-1.556546,-0.363974,-0.354255
0.132000,-0.250666,-0.871020,-1.736518,-0.292807,0.011139
0.134000,0.125582,0.081498,-0.741203,-0.239278,-0.105888
0.136000,0.497381,0.285470,2.400416,0.398369,0.239550
0.138000,0.851558,0.987738,1.324620,0.807720,0.655176
0.140000,1.175570,0.934830,1.959081,1.248499,0.927794
0.142000,1.457938,1.373148,1.317961,1.415599,1.311027
0.144000,1.688656,1.790314,1.391436,1.655751,1.541511
0.146000,1.859553,1.315295,0.285044,2.135740,2.109685
0.148000,1.964574,1.723006,2.410111,1.793017,1.896480
0.150000,2.000000,2.148759,2.314726,1.963113,2.147407
0.152000,1.964575,1.744283,1.064826,2.106445,2.237845
0.154000,1.859553,1.729114,1.850969,2.007435,1.981473
0.156000,1.688656,1.561059,3.915148,1.664745,1.759379
0.158000,1.457937,1.730506,0.865318,1.521857,1.802908
0.160000,1.175571,1.308380,2.633909,1.518937,1.494260
0.162000,0.851558,0.664585,0.831850,1.168808,1.142856
0.164000,0.497379,0.655633,-0.581981,0.604971,0.854987
0.166000,0.125582,0.140159,0.353468,0.379941,0.495642
0.168000,-0.250666,0.137120,-0.405878,0.041388,-0.004185
0.170000,-0.618035,-0.414722,-0.522466,-0.204151,-0.291243
0.172000,-0.963509,-0.978902,-1.264705,-0.587427,-0.773611
0.174000,-1.274847,-1.278814,-1.947061,-1.098432,-1.081218
0.176000,-1.541025,-1.859746,-1.695538,-1.372911,-1.576626
0.178000,-1.752614,-1.806711,-1.865464,-1.846393,-1.899995
0.180000,-1.902114,-1.764540,-2.997760,-1.841856,-2.063410
0.182000,-1.984229,-2.274266,-1.877979,-1.855157,-2.522863
0.184000,-1.996054,-1.917615,-1.155398,-2.040100,-2.491143
0.186000,-1.937167,-1.293774,-2.817724,-1.921005,-2.192835
0.188000,-1.809654,-1.436104,-0.503785,-1.347297,-2.246042
0.190000,-1.618034,-1.067001,-1.901851,-1.095249,-1.612290
0.192000,-1.369095,-1.589969,-3.822848,-0.812736,-1.476092
0.194000,-1.071654,-0.825774,-1.544047,-0.891824,-1.250535
0.196000,-0.736249,-0.298639,0.794558,-0.397360,-1.060469
0.198000,-0.374763,-0.502819,1.749348,0.106783,-0.248467
0.200000,0.000000,0.174856,0.618282,0.171530,0.521292
0.202000,0.374763,0.719417,0.426495,0.477958,0.764765
0.204000,0.736250,0.515279,1.454790,0.956913,1.093502
0.206000,1.071654,1.098990,0.773350,1.053009,1.631454
0.208000,1.369095,1.159725,2.396900,1.301875,1.896223
0.210000,1.618032,1.559206,2.855410,1.447212,2.070797
0.212000,1.809655,2.556505,2.564866,1.717156,2.241009
0.214000,1.937167,2.184745,1.070091,2.241263,2.420392
0.216000,1.996054,1.888042,1.184973,2.245270,2.215075
0.218000,1.984230,1.800027,2.324525,1.941926,2.002802
0.220000,1.902112,1.485926,3.107675,1.754878,1.753225
0.222000,1.752612,2.041850,3.232265,1.524193,1.729487
0.224000,1.541025,1.230289,1.730732,1.620791,1.428391
0.226000,1.274849,1.170765,0.811874,1.029678,0.997562
0.228000,0.963509,0.650142,0.593761,0.759693,0.718957
0.230000,0.618032,0.955867,1.176432,0.218849,0.155491
0.232000,0.250668,-0.249686,-0.143380,0.348012,-0.030040
0.234000,-0.125580,0.065743,-1.597022,-0.469705,-0.757287
0.236000,-0.497379,-1.045905,0.864775,-0.517324,-1.326788
0.238000,-0.851561,-1.114774,-0.831602,-1.222110,-1.186449
0.240000,-1.175570,-0.971213,-1.654752,-1.438999,-1.639224
0.242000,-1.457937,-1.457502,-3.930855,-1.509146,-1.869200
0.244000,-1.688656,-0.784960,-0.743934,-1.664081,-2.641984
0.246000,-1.859553,-1.659747,-2.461430,-1.374308,-2.296764
0.248000,-1.964574,-2.083178,-1.684546,-1.707738,-2.531643
0.250000,-2.000000,-1.586971,-2.350816,-1.961961,-2.408406
0.252000,-1.964574,-2.228610,-2.917068,-1.713463,-2.561562
0.254000,-1.859553,-1.203915,-1.686445,-1.846226,-2.323247
0.256000,-1.688655,-1.423677,0.376193,-1.350684,-1.814106
0.258000,-1.457939,-1.515191,-1.971626,-1.364539,-1.013609
0.260000,-1.175573,-1.374872,-1.259073,-1.133295,-0.911220
0.262000,-0.851561,-0.628172,-0.333103,-1.170604,-0.788670
0.264000,-0.497379,-0.510153,-1.649881,-0.516595,-0.220798
0.266000,-0.125580,0.189844,-1.241825,-0.200219,-0.037702
0.268000,0.250668,0.296030,0.215451,0.225142,0.300016
0.270000,0.618036,0.665023,0.945569,0.514996,0.831132
0.272000,0.963509,1.081442,0.590796,0.920649,0.944087
0.274000,1.274847,1.710516,1.279009,1.183749,0.989634
0.276000,1.541025,1.331091,0.696422,1.766676,1.231840
0.278000,1.752613,2.197173,1.274350,1.624374,1.644845
0.280000,1.902113,2.019705,3.946285,1.998265,1.840284
0.282000,1.984230,1.993109,2.121864,2.060780,2.178686
0.284000,1.996053,2.135475,2.352868,1.968768,2.084810
0.286000,1.937166,3.002179,1.982716,1.863095,2.024432
0.288000,1.809654,2.123264,1.331965,2.298272,2.056440
0.290000,1.618034,0.881382,1.630650,1.889448,2.005310
0.292000,1.369095,1.726293,0.838513,0.903841,1.707786
0.294000,1.071654,0.963420,-0.401301,0.970880,1.356117
0.296000,0.736249,0.272590,0.759326,0.625707,0.833686
0.298000,0.374763,0.271717,1.315188,-0.102512,0.375100
0.300000,-0.000004,0.316796,-0.108047,-0.565260,-0.088961
0.302000,-0.374759,-0.154132,-1.444632,-0.462087,-0.444501
0.304000,-0.736246,-0.755839,-0.894934,-0.734675,-0.688461
0.306000,-1.071654,-0.756697,-0.772698,-1.328009,-1.092912
0.308000,-1.369095,-1.982290,-1.405227,-1.376611,-1.192335
0.310000,-1.618034,-1.444349,-1.338925,-2.060024,-1.545640
0.312000,-1.809655,-1.340859,-0.553568,-1.911325,-1.870010
0.314000,-1.937167,-2.271554,-2.334651,-1.787024,-1.525756
0.316000,-1.996054,-2.308371,-2.604805,-2.246861,-1.460013
0.318000,-1.984230,-2.248355,-2.120099,-2.482833,-1.735946
0.320000,-1.902114,-2.164594,-2.576989,-2.401120,-1.672620
0.322000,-1.752614,-1.103949,-0.928797,-2.115609,-1.486812
0.324000,-1.541025,-1.838392,-4.156891,-1.410016,-1.326701
0.326000,-1.274846,-1.627290,-1.158092,-1.571684,-1.657837
0.328000,-0.963505,-0.939859,-1.440603,-1.465374,-1.051448
0.330000,-0.618032,-1.019645,-0.382383,-0.832164,-0.761425
0.332000,-0.250668,0.427357,-0.110414,-0.647526,-0.301967
0.334000,0.125580,0.180391,-0.929246,0.410711,-0.151219
0.336000,0.497379,0.858991,-0.649320,0.472117,0.130795
0.338000,0.851558,0.743538,1.507410,1.042614,0.566906
0.340000,1.175573,1.515075,3.863324,0.974918,1.294815
0.342000,1.457940,1.490553,1.689522,1.681274,1.839504
0.344000,1.688658,2.085131,1.814049,1.683160,1.943890
0.346000,1.859552,2.594362,1.843299,2.015178,2.346896
0.348000,1.964574,1.931624,2.136501,2.390341,2.305684
0.350000,2.000000,1.641616,-0.335511,1.981005,2.586894
0.352000,1.964575,1.930828,1.966398,1.544784,2.099648
0.354000,1.859551,1.623855,3.984021,1.603082,1.766022
0.356000,1.688653,1.924075,0.915884,1.337459,2.068714
0.358000,1.457934,1.207159,0.664623,1.417229,1.582677
0.360000,1.175567,1.278878,1.388858,0.717008,1.078791
0.362000,0.851561,1.215727,1.020236,0.635397,0.777568
0.364000,0.497382,0.326930,-1.517207,0.536890,0.564802
0.366000,0.125583,0.360491,0.856870,-0.001276,-0.146233
0.368000,-0.250664,-0.764019,0.666357,-0.347083,-0.384631
0.370000,-0.618032,-0.422753,-0.011577,-0.978624,-0.542013
0.372000,-0.963506,-0.761523,-0.575658,-0.954955,-0.771358
0.374000,-1.274853,-0.710478,-0.137723,-1.273402,-1.208773
0.376000,-1.541025,-1.634233,-1.844968,-1.166282,-1.478564
0.378000,-1.752613,-1.636128,-1.978189,-1.915191,-1.527709
0.380000,-1.902113,-2.192168,-2.762938,-1.935902,-1.397678
0.382000,-1.984229,-0.982617,0.572231,-2.258693,-1.883923
0.384000,-1.996054,-1.155371,-1.232873,-1.412408,-1.946279
0.386000,-1.937167,-1.712255,-0.659557,-1.367758,-1.715955
0.388000,-1.809654,-1.774738,-1.452207,-1.642097,-1.119976
0.390000,-1.618034,-1.740927,1.099061,-1.801131,-1.361592
0.392000,-1.369094,-1.248125,-2.162489,-1.505368,-0.972079
0.394000,-1.071654,-0.879918,-1.422394,-1.117046,-0.689140
0.396000,-0.736249,-0.195062,-1.529866,-0.851254,-0.434862
0.398000,-0.374763,-0.518128,-0.395683,-0.415279,-0.500934
0.400000,0.000000,0.268736,-0.584999,-0.264361,-0.065934
0.402000,0.374763,0.518864,-0.220386,0.149467,0.328087
0.404000,0.736250,0.920246,0.507548,0.679988,0.149807
0.406000,1.071654,1.075850,1.568116,0.976228,0.024676
0.408000,1.369095,0.997183,1.665924,1.155584,0.558085
0.410000,1.618035,1.803486,1.033778,1.124369,0.903272
0.412000,1.809655,1.929871,3.651538,1.644885,0.990573
0.414000,1.937167,2.088136,4.652596,1.768440,1.347536
0.416000,1.996054,2.319297,1.515053,1.863577,1.590718
0.418000,1.984229,1.956655,2.972358,1.864887,1.353930
0.420000,1.902115,1.643843,2.182905,1.716915,1.456304
0.422000,1.752612,1.883781,0.623715,1.470436,1.421509
0.424000,1.541025,1.698919,1.946617,1.273573,1.330395
0.426000,1.274846,1.436080,2.334247,1.185378,1.408478
0.428000,0.963505,0.627162,0.066219,0.758751,0.959974
0.430000,0.618032,0.619376,1.950959,0.186540,0.550393
0.432000,0.250664,0.273517,2.771074,-0.060165,0.372315
0.434000,-0.125576,0.004781,-0.703090,-0.309540,0.069201
0.436000,-0.497375,-0.252891,-0.415391,-0.705845,-0.725368
0.438000,-0.851555,-0.648058,-0.054995,-0.985990,-0.700565
0.440000,-1.175573,-0.903112,-0.625930,-1.275491,-1.125967
0.442000,-1.457940,-1.482814,-1.428273,-1.387160,-1.175510
0.444000,-1.688658,-0.980076,-3.192117,-1.786840,-1.654719
0.446000,-1.859554,-1.764336,-1.332858,-1.657140,-2.119225
0.448000,-1.964575,-1.940025,-2.697008,-1.962799,-2.285238
0.450000,-2.000000,-2.380179,-1.395234,-2.113246,-2.510616
0.452000,-1.964575,-2.277377,-3.082800,-2.386798,-2.657705
0.454000,-1.859554,-1.831466,-2.740919,-2.223831,-2.149801
0.456000,-1.688658,-1.754637,-0.237842,-2.027046,-2.480012
0.458000,-1.457934,-1.636563,-1.599983,-1.914128,-2.112579
0.460000,-1.175567,-1.404248,-1.433051,-1.665769,-1.752776
0.462000,-0.851554,-0.829614,0.244656,-1.358674,-1.218834
0.464000,-0.497382,-0.531041,-1.720432,-0.720815,-0.881020
0.466000,-0.125583,0.207629,0.349154,-0.305188,-0.514817
0.468000,0.250664,0.116758,0.449096,0.246776,0.050766
0.470000,0.618032,0.147555,-0.298136,0.483357,0.616034
0.472000,0.963506,1.006359,2.210400,0.548468,1.128375
0.474000,1.274847,0.860764,-0.208903,1.181361,2.023233
0.476000,1.541030,1.089489,1.365713,1.188540,1.386954
0.478000,1.752613,2.026767,3.764046,1.269477,1.717463
0.480000,1.902113,1.700124,2.126763,1.776545,2.422644
0.482000,1.984229,2.012025,2.801180,1.862041,2.370202
0.484000,1.996054,1.656699,2.169612,1.894513,2.627310
0.486000,1.937167,1.776328,1.790546,1.597776,2.378245
0.488000,1.809654,1.672174,2.616650,1.637034,1.909381
0.490000,1.618034,1.808376,-0.272742,1.407940,2.177549
0.492000,1.369094,1.316025,2.601996,1.434554,1.441096
0.494000,1.071654,1.221684,0.899839,1.022244,0.859202
0.496000,0.736249,1.001184,0.954638,0.807558,0.786327
0.498000,0.374763,0.785143,0.332619,0.501662,0.733512
0.500000,-0.000000,-0.297533,-0.632298,0.330490,-0.214734
0.502000,-0.374756,-0.467506,0.793479,-0.475772,-0.334429
0.504000,-0.736250,-0.932539,-0.702815,-0.764386,-0.698505
0.506000,-1.071654,-1.094693,-2.748691,-1.203821,-1.320888
0.508000,-1.369095,-1.313809,-2.582784,-1.414835,-1.509189
0.510000,-1.618035,-1.746578,-1.970822,-1.711655,-2.142662
0.512000,-1.809655,-1.561479,-1.161725,-1.955594,-2.337623
0.514000,-1.937167,-1.620399,-1.635402,-1.881109,-2.220189
0.516000,-1.996053,-1.692883,-1.464316,-1.726054,-2.312667
0.518000,-1.984229,-1.841373,-2.127523,-1.780127,-1.731254
0.520000,-1.902115,-1.840826,-1.216736,-1.744662,-1.769426
0.522000,-1.752612,-1.800427,-1.022504,-1.651045,-1.498806
0.524000,-1.541030,-1.265771,-1.367383,-1.498207,-1.367844
0.526000,-1.274846,-1.037209,-1.076080,-1.083753,-0.817441
0.528000,-0.963505,-1.038720,-2.163655,-0.776704,-0.347830
0.530000,-0.618039,-0.120030,-0.424783,-0.652443,-0.543656
0.532000,-0.250664,-0.587692,0.519262,-0.026789,-0.159449
0.534000,0.125576,0.250485,0.920893,-0.008837,0.364053
0.536000,0.497383,0.700766,0.211555,0.498184,0.848028
0.538000,0.851555,0.174173,1.394132,0.921493,1.165301
0.540000,1.175573,0.848876,2.107120,0.779949,1.350183
0.542000,1.457934,1.297493,0.989988,1.009274,1.643541
0.544000,1.688658,1.969808,2.044284,1.366065,1.885677
0.546000,1.859554,1.424923,1.551396,1.958683,1.744391
0.548000,1.964574,2.623440,2.716039,1.598014,1.749757
0.550000,2.000000,2.578294,3.796775,2.173950,1.929770
0.552000,1.964575,2.311738,2.216244,2.340469,2.142464
0.554000,1.859551,1.637658,1.482833,2.281164,1.977465
0.556000,1.688658,1.773181,0.294756,1.657351,1.613176
0.558000,1.457934,1.008367,1.446546,1.559389,1.077508
0.560000,1.175573,1.055909,0.634982,1.009633,0.822806
0.562000,0.851561,0.830910,1.382031,0.706901,0.392613
0.564000,0.497375,0.832467,1.469414,0.310614,0.326678
0.566000,0.125583,0.613332,0.968285,0.199769,-0.286851
0.568000,-0.250672,0.256661,0.311221,-0.042943,-0.429268
0.570000,-0.618032,-1.107536,-0.016172,-0.353535,-0.829953
0.572000,-0.963512,-0.872375,-1.118084,-1.310876,-0.911593
0.574000,-1.274847,-0.320044,-2.251262,-1.264533,-1.059215
0.576000,-1.541026,-1.433517,0.165941,-0.983936,-1.813428
0.578000,-1.752613,-1.715526,-0.768420,-1.437167,-1.840729
0.580000,-1.902113,-1.964782,-0.669281,-2.031410,-1.587517
0.582000,-1.984230,-1.805003,-0.156163,-2.108920,-1.465279
0.584000,-1.996053,-1.879275,-3.079090,-1.891266,-1.512653
0.586000,-1.937165,-1.219418,-0.307856,-1.911190,-1.702464
0.588000,-1.809654,-2.153147,-2.020806,-1.618303,-1.669687
0.590000,-1.618039,-1.793258,-2.727804,-1.853554,-1.442365
0.592000,-1.369094,-0.924626,-1.554274,-1.659664,-1.248412
0.594000,-1.071654,-0.843545,-0.140547,-1.029272,-1.286512
0.596000,-0.736249,-0.565636,-0.642659,-0.619581,-0.889160
0.598000,-0.374763,-0.172835,-0.819152,-0.390984,-0.799673
0.600000,0.000008,-0.139900,-0.549894,-0.014400,-0.549846
0.602000,0.374763,0.434488,-1.441191,0.207049,-0.331973
0.604000,0.736243,-0.380739,1.242829,0.682232,-0.153715
0.606000,1.071654,0.928163,-0.114731,0.199641,0.393515
0.608000,1.369089,1.547701,2.159951,0.898421,0.498719
0.610000,1.618035,1.573304,0.216817,1.402572,1.209016
0.612000,1.809655,1.858507,2.275491,1.668890,1.131576
0.614000,1.937167,1.827709,0.883242,1.671371,1.189402
0.616000,1.996054,2.476025,1.734981,1.843783,1.076204
0.618000,1.984230,2.337887,0.161106,2.173338,1.601705
0.620000,1.902112,1.988221,3.303696,2.139966,1.311971
0.622000,1.752616,1.353832,0.690327,1.822363,1.803343
0.624000,1.541025,1.892431,2.029421,1.387403,1.636352
0.626000,1.274852,1.642461,1.145939,1.353307,1.179502
0.628000,0.963505,0.130426,0.511653,1.115088,1.241120
0.630000,0.618032,0.491277,2.751217,0.082695,0.907414
0.632000,0.250664,-0.121277,1.036990,-0.136860,0.625223
0.634000,-0.125584,-0.160624,-0.028447,-0.489621,0.604573
0.636000,-0.497375,0.136320,-2.896021,-0.690307,0.583299
0.638000,-0.851561,-0.531184,-1.052230,-0.854968,-0.123914
0.640000,-1.175567,-0.886053,0.058131,-1.016023,-0.450358
0.642000,-1.457940,-2.366452,-1.986318,-1.308138,-0.609047
0.644000,-1.688654,-1.612235,-2.550987,-2.213928,-1.245659
0.646000,-1.859554,-1.577055,-0.196284,-1.959516,-1.311396
0.648000,-1.964575,-2.116347,-1.680671,-1.882070,-1.488447
0.650000,-2.000000,-1.660693,-2.811985,-1.997556,-1.516560
0.652000,-1.964574,-2.510840,-1.552113,-2.043111,-1.825006
0.654000,-1.859554,-2.420424,-4.684964,-2.233738,-1.627686
0.656000,-1.688653,-1.569790,-2.914699,-2.096317,-1.723568
0.658000,-1.457939,-1.683315,-1.572306,-1.541077,-1.677258
0.660000,-1.175567,-0.865722,-2.134847,-1.422575,-1.631456
0.662000,-0.851561,-1.064780,-0.327297,-0.884545,-1.383447
0.664000,-0.497382,-0.760445,0.651458,-0.626204,-0.760927
0.666000,-0.125576,0.321877,0.243126,-0.329811,-0.178543
0.668000,0.250664,0.582954,-1.256058,0.564017,0.310344
0.670000,0.618039,0.365992,1.366178,0.925382,0.221143
0.672000,0.963506,0.926476,2.491733,0.754163,1.108203
0.674000,1.274853,1.360934,1.928640,1.288255,1.644606
0.676000,1.541026,1.562421,1.459465,1.643805,2.192231
0.678000,1.752613,1.450954,1.685369,1.920651,2.288019
0.680000,1.902115,2.026722,0.149283,1.557526,2.477254
0.682000,1.984229,2.065119,1.436509,1.966322,2.293889
0.684000,1.996053,2.036799,2.262878,2.125143,2.137538
0.686000,1.937166,1.611424,-0.416944,1.970888,1.834223
0.688000,1.809651,2.297691,3.453662,1.611797,1.678014
0.690000,1.618034,1.136759,1.662847,1.812039,1.856441
0.692000,1.369100,0.978257,0.878840,1.041180,1.391923
0.694000,1.071654,1.166351,1.866561,0.816851,0.914817
0.696000,0.736256,0.681357,-0.286448,0.666485,0.441729
0.698000,0.374762,0.234378,-0.403158,0.465424,-0.069617
0.700000,0.000007,0.286488,0.919019,-0.200927,-0.285186
0.702000,-0.374763,-0.275854,0.236400,-0.337615,-0.546748
0.704000,-0.736243,-1.142934,-0.924063,-0.547423,-0.744535
0.706000,-1.071654,-1.312628,-1.355794,-1.179465,-0.941743
0.708000,-1.369100,-1.092237,-2.690844,-1.501813,-1.499088
0.710000,-1.618035,-1.887244,-2.816083,-1.420741,-1.766196
0.712000,-1.809658,-1.427459,-2.152416,-1.984024,-2.041181
0.714000,-1.937167,-2.369538,-1.439328,-1.728113,-2.185174
0.716000,-1.996054,-2.067789,-3.578411,-2.175090,-2.144595
0.718000,-1.984229,-2.506061,-2.225658,-1.951779,-2.138783
0.720000,-1.902110,-2.507636,0.671790,-2.299905,-1.956111
0.722000,-1.752612,-1.754709,-2.012689,-2.139353,-1.815098
0.724000,-1.541030,-1.945300,-0.727103,-1.743139,-1.194128
0.726000,-1.274846,-0.842223,-0.110571,-1.472004,-0.801209
0.728000,-0.963512,-0.778238,-0.089396,-0.774356,-0.821509
0.730000,-0.618032,-0.443456,0.305378,-0.420498,0.315505
0.732000,-0.250671,-0.665981,-0.258833,0.097696,0.765610
0.734000,0.125584,0.686249,0.488585,-0.101769,0.601077
0.736000,0.497375,0.272807,1.050978,1.033478,1.303730
0.738000,0.851562,0.237841,0.490391,1.019228,1.310396
0.740000,1.175567,1.484111,1.522493,0.843059,0.998241
0.742000,1.457940,1.348858,2.941362,1.526278,1.703097
0.744000,1.688654,1.654205,1.623947,1.793676,1.964671
0.746000,1.859554,1.938387,1.620214,1.951199,1.828463
0.748000,1.964577,1.991565,1.137864,1.891967,1.688164
0.750000,2.000000,2.079099,3.415484,2.160630,1.530298
0.752000,1.964575,1.973420,2.094531,2.105173,1.500293
0.754000,1.859551,1.948561,-0.188628,1.948397,1.313717
0.756000,1.688657,1.875746,2.854082,1.813030,1.084003
0.758000,1.457934,1.445109,-0.919067,1.665490,0.526545
0.760000,1.175573,0.890788,1.455108,1.415236,0.365381
0.762000,0.851554,1.060363,2.499106,0.625820,0.365095
0.764000,0.497382,0.337105,-0.877395,0.674044,-0.298224
0.766000,0.125591,-0.138819,0.410689,0.139919,-0.460902
0.768000,-0.250664,-0.519259,0.418004,-0.348624,-0.701104
0.770000,-0.618025,-0.442067,1.283484,-0.916701,-1.215504
0.772000,-0.963506,-1.108498,0.280569,-0.786396,-0.823513
0.774000,-1.274841,-1.368236,0.166586,-1.245847,-1.079156
0.776000,-1.541026,-1.688578,-1.227891,-1.673215,-1.229632
0.778000,-1.752616,-1.841603,-3.346944,-1.797677,-1.345670
0.780000,-1.902113,-1.711322,-2.835129,-1.928677,-1.747763
0.782000,-1.984230,-2.182194,-2.105902,-1.774315,-1.576973
0.784000,-1.996053,-1.366493,-2.246113,-1.946264,-2.008656
0.786000,-1.937165,-1.835919,-3.702866,-1.526192,-1.630865
0.788000,-1.809654,-1.746818,-0.425255,-1.538944,-1.694468
0.790000,-1.618030,-1.782526,-1.767128,-1.426840,-1.871577
0.792000,-1.369094,-1.070685,-1.106665,-1.372327,-0.799220
0.794000,-1.071647,-0.985989,-1.808715,-0.780985,-1.316099
0.796000,-0.736249,-0.945436,-0.934398,-0.514809,-1.434407
0.798000,-0.374770,-0.291754,-1.143403,-0.403553,-0.337893
0.800000,0.000000,0.309722,0.240705,-0.027982,-0.736111
0.802000,0.374756,0.462684,1.984371,0.608004,-0.038299
0.804000,0.736250,0.517922,1.561747,0.860591,0.627698
0.806000,1.071648,1.132243,2.890150,0.959047,0.783733
0.808000,1.369095,1.951797,2.092008,1.286392,1.496098
0.810000,1.618030,1.581827,1.894695,2.004104,2.100511
0.812000,1.809655,1.859285,1.431132,1.993395,2.264328
0.814000,1.937169,1.129729,2.876657,1.952719,2.440179
0.816000,1.996054,2.133761,3.462985,1.419049,2.296208
0.818000,1.984228,2.382921,0.768325,2.010575,2.470954
0.820000,1.902112,2.039604,2.121978,2.133995,2.327167
0.822000,1.752609,1.757742,2.115600,1.936132,1.935209
0.824000,1.541025,1.629771,1.791279,1.436847,1.770617
0.826000,1.274852,1.336362,1.374600,1.327337,0.961830
0.828000,0.963505,1.288822,1.454716,1.084755,0.959083
0.830000,0.618039,0.346765,1.218754,0.855942,0.691389
0.832000,0.250664,0.384970,1.555264,0.141177,0.519223
0.834000,-0.125576,-0.341694,0.297259,-0.062832,0.322061
0.836000,-0.497383,-0.800329,0.079340,-0.644502,-0.667496
0.838000,-0.851555,-0.893412,-0.380205,-1.118392,-0.837861
0.840000,-1.175561,-1.098362,0.314346,-1.343936,-1.386629
0.842000,-1.457934,-1.986023,-1.174795,-1.403482,-1.171978
0.844000,-1.688658,-1.063006,-2.312342,-2.139683,-1.854208
0.846000,-1.859552,-2.250215,-2.660133,-1.615783,-2.213813
0.848000,-1.964575,-2.167984,-3.750923,-2.200384,-2.626496
0.850000,-2.000000,-1.635591,-1.958233,-2.063992,-3.198478
0.852000,-1.964574,-1.883319,-1.393301,-1.899953,-2.653323
0.854000,-1.859554,-2.224077,-2.301212,-1.753927,-2.566605
0.856000,-1.688653,-2.017556,-1.320907,-1.823693,-2.198866
0.858000,-1.457939,-0.844690,-0.803891,-1.732308,-1.940344
0.860000,-1.175566,-0.401625,-3.245101,-0.799815,-1.466470
0.862000,-0.851561,-1.060084,0.277028,-0.289952,-1.504590
0.864000,-0.497375,-0.316317,-1.131855,-0.535910,-0.606541
0.866000,-0.125583,-0.440884,0.088272,-0.001326,-0.520526
0.868000,0.250657,0.596613,0.835851,0.138703,0.079834
0.870000,0.618032,0.858312,1.982741,0.901451,0.731806
0.872000,0.963499,1.096411,0.879234,1.073121,1.286477
0.874000,1.274847,0.660834,1.297086,1.307891,1.529658
0.876000,1.541021,1.209500,-0.097122,1.104872,1.892574
0.878000,1.752613,2.543339,2.326486,1.453828,1.508932
0.880000,1.902115,1.534950,2.542305,2.214323,1.678576
0.882000,1.984229,2.334369,3.093064,1.847885,2.311827
0.884000,1.996053,1.582693,-0.178169,2.026423,2.315170
0.886000,1.937166,2.590911,1.161985,1.565430,1.732211
0.888000,1.809651,1.828639,3.415068,2.264120,1.870234
0.890000,1.618034,1.804022,2.318762,1.687229,1.409701
0.892000,1.369089,0.837795,-0.501622,1.543747,1.645235
0.894000,1.071654,1.091123,0.309310,0.640690,1.355743
0.896000,0.736242,0.452588,0.517782,0.686190,0.416736
0.898000,0.374762,0.897360,1.698911,0.182448,0.535383
0.900000,0.000007,0.007158,-0.243512,0.254049,0.460108
0.902000,-0.374763,-0.758512,0.006710,-0.358228,-0.512211
0.904000,-0.736243,-1.232475,0.274646,-1.101735,-0.359075
0.906000,-1.071654,-1.815046,-3.348976,-1.577601,-0.672954
0.908000,-1.369089,-1.787209,-0.741788,-1.902031,-1.572226
0.910000,-1.618035,-2.082954,-0.740988,-1.937565,-1.563542
0.912000,-1.809651,-1.834494,-3.410485,-2.383301,-1.504062
0.914000,-1.937167,-2.307950,-2.572582,-2.292718,-1.869372
0.916000,-1.996054,-1.712843,-3.438114,-2.193622,-2.045980
0.918000,-1.984229,-2.245220,-3.891058,-1.868161,-2.127042
0.920000,-1.902110,-2.344021,-0.331037,-1.892034,-2.039099
0.922000,-1.752612,-1.611215,-1.861029,-2.086659,-1.744678
0.924000,-1.541020,-1.444746,-0.492520,-1.500551,-1.513730
0.926000,-1.274846,-0.946094,-0.290279,-0.988087,-1.188271
0.928000,-0.963512,-0.960127,-1.019514,-0.505185,-0.305493
0.930000,-0.618031,-0.916635,-1.419086,-0.428037,0.268083
0.932000,-0.250671,-0.063139,-0.010666,-0.416693,-0.337794
0.934000,0.125584,-0.033648,-1.122973,0.245907,0.525634
0.936000,0.497375,0.328448,1.584169,0.634911,0.731835
0.938000,0.851562,0.658304,0.732118,0.770679,0.938856
0.940000,1.175567,1.134779,0.631535,0.998597,1.836412
0.942000,1.457929,1.909600,1.697713,1.407379,1.411433
0.944000,1.688654,1.679926,1.560101,2.046564,1.571344
0.946000,1.859554,2.117116,0.449205,1.893251,2.097954
0.948000,1.964574,2.128761,2.575550,2.251306,1.426310
0.950000,2.000000,2.096684,1.166798,2.293335,2.283506
0.952000,1.964572,2.050423,2.143636,2.110934,2.132113
0.954000,1.859551,1.591808,0.604994,2.013403,1.309355
0.956000,1.688657,1.912686,1.554793,1.627403,1.497760
0.958000,1.457934,0.952912,2.459096,1.665322,1.399033
0.960000,1.175573,1.052292,1.810027,0.958887,0.971455
0.962000,0.851554,1.017414,0.254065,0.660322,1.071418
0.964000,0.497382,0.060534,-0.209687,0.592734,0.377879
0.966000,0.125576,0.884425,-0.229423,-0.021733,-0.017772
0.968000,-0.250665,-0.117661,0.204123,0.179313,0.136528
0.970000,-0.618039,-0.287485,-1.041649,-0.320967,-0.565448
0.972000,-0.963506,-0.844185,-1.581753,-0.638277,-0.988097
0.974000,-1.274841,-1.179071,-1.168689,-1.072614,-1.140097
0.976000,-1.541026,-0.878069,-0.664322,-1.283450,-1.897479
0.978000,-1.752609,-1.404923,-1.767406,-1.275705,-1.580114
0.980000,-1.902113,-1.107350,-1.594502,-1.402218,-1.686200
0.982000,-1.984230,-2.093544,-0.613755,-1.328692,-1.937244
0.984000,-1.996053,-1.997109,-0.924708,-1.853852,-1.470460
0.986000,-1.937165,-2.127477,-1.826288,-1.891391,-1.500376
0.988000,-1.809654,-1.967640,-3.160748,-1.985582,-1.450759
0.990000,-1.618030,-1.676389,-1.951872,-1.694216,-1.165583
0.992000,-1.369094,-1.604617,-2.336190,-1.631960,-1.141854
0.994000,-1.071647,-1.178712,0.022425,-1.279401,-0.972670
0.996000,-0.736249,-0.501282,0.956779,-1.073692,-0.713462
0.998000,-0.374755,-0.274062,-1.039756,-0.476552,-0.258554
1.000000,0.000000,-0.186194,1.055031,0.068202,-0.088077
1.002000,0.374756,0.319578,-0.713433,0.067999,0.243509
1.004000,0.736236,0.571423,-0.051147,0.706401,0.265483
1.006000,1.071661,1.259791,0.126902,0.956220,0.801404
1.008000,1.369095,0.953714,1.811863,1.435648,0.932980
1.010000,1.618030,2.090930,0.584532,1.418279,1.132746
1.012000,1.809655,2.061247,1.977122,1.945938,1.351824
1.014000,1.937169,2.673755,2.793371,2.247690,1.387377
1.016000,1.996054,2.077573,0.994829,2.510040,1.731919
1.018000,1.984230,2.519870,1.691092,2.184580,1.489123
1.020000,1.902112,2.037385,1.774475,2.304187,1.537091
1.022000,1.752616,1.727575,2.876018,1.877252,1.474126
1.024000,1.541025,1.763985,3.083745,1.669839,1.364470
1.026000,1.274840,1.544201,1.867060,1.244099,1.481476
1.028000,0.963505,1.331096,0.880758,1.176126,1.201985
1.030000,0.618039,0.910912,0.608303,0.737610,0.831661
1.032000,0.250679,0.000729,2.249947,0.310260,0.614533
1.034000,-0.125592,-0.917724,0.551416,-0.416935,0.062858
1.036000,-0.497383,-0.423522,-0.660806,-1.242628,0.026823
1.038000,-0.851555,-1.027877,-1.014882,-1.018342,-0.302848
1.040000,-1.175561,-1.093780,0.712963,-1.445909,-0.735618
1.042000,-1.457945,-1.271210,-1.353500,-1.693479,-0.894738
1.044000,-1.688658,-1.987945,-1.923856,-1.739926,-1.151275
1.046000,-1.859552,-1.576926,-2.778075,-2.179071,-1.661886
1.048000,-1.964572,-2.424383,-2.383349,-1.868687,-2.050628
1.050000,-2.000000,-1.720906,-1.320856,-2.393448,-2.024374
1.052000,-1.964574,-2.111768,-1.335337,-1.865937,-2.248329
1.054000,-1.859554,-1.445894,-1.875489,-1.984627,-1.975693
1.056000,-1.688653,-1.606531,-1.081855,-1.408849,-2.075952
1.058000,-1.457939,-1.327343,-0.372725,-1.438021,-1.969448
1.060000,-1.175579,-0.735269,-0.748794,-1.118676,-1.622152
1.062000,-0.851547,-1.064707,-1.940224,-0.559667,-1.212405
1.064000,-0.497375,-1.064980,-2.157759,-0.558219,-0.913732
1.066000,-0.125583,-0.778814,1.297425,-0.711173,-0.651454
1.068000,0.250657,0.457426,1.672705,-0.331720,-0.049861
1.070000,0.618047,0.247162,0.985802,0.573888,0.350124
1.072000,0.963513,1.222581,2.146214,0.566008,0.886769
1.074000,1.274847,1.944049,1.685170,1.202313,1.038256
1.076000,1.541021,1.659778,3.899037,1.953037,1.580944
1.078000,1.752605,1.596704,2.049890,1.891330,2.100012
1.080000,1.902115,1.376156,3.044762,1.812851,2.133620
1.082000,1.984229,1.521649,3.476865,1.467231,2.526650
1.084000,1.996054,2.157626,2.215298,1.657990,2.683173
1.086000,1.937166,1.656452,2.757734,2.035887,2.443269
1.088000,1.809651,2.369310,1.210296,1.598294,1.995447
1.090000,1.618034,1.670206,1.485413,1.831412,1.447458
1.092000,1.369089,1.722445,2.631133,1.313511,1.354803
1.094000,1.071653,1.106346,-0.717413,1.349094,1.158668
1.096000,0.736256,0.752363,1.750863,0.729582,-0.039195
1.098000,0.374747,-0.209826,2.062844,0.546037,0.027583
1.100000,-0.000008,0.622162,0.493572,-0.305969,-0.399715
1.102000,-0.374763,-0.284685,0.672248,-0.005107,-0.649703
1.104000,-0.736243,-0.283063,-1.187725,-0.699267,-1.016609
1.106000,-1.071642,-1.566240,-2.663724,-0.783171,-1.759685
1.108000,-1.369101,-1.537353,-1.542013,-1.718696,-1.759192
1.110000,-1.618035,-1.644326,-1.633286,-1.832420,-2.575603
1.112000,-1.809651,-2.013748,-2.895740,-1.849957,-2.260936
1.114000,-1.937163,-1.507594,-2.950226,-2.103887,-2.537292
1.116000,-1.996054,-2.290193,-2.385356,-1.859477,-2.793857
1.118000,-1.984229,-1.973600,-1.664709,-2.069416,-2.412407
1.120000,-1.902115,-1.661708,-1.722814,-2.115281,-2.546486
1.122000,-1.752612,-2.257843,0.467071,-1.604395,-1.889825
1.124000,-1.541030,-1.458310,-2.709183,-1.875986,-0.938547
1.126000,-1.274846,-1.869618,-2.081915,-1.293011,-1.275756
1.128000,-0.963498,-1.133437,-1.076651,-1.339044,-0.464272
1.130000,-0.618031,-0.601691,-2.439057,-0.831847,-0.501239
1.132000,-0.250671,-0.074245,-1.213444,-0.286620,-0.670622
1.134000,0.125569,0.096933,-0.708170,0.252545,0.078339
1.136000,0.497390,0.448761,-2.121000,0.358324,0.119796
1.138000,0.851562,0.572816,0.716995,0.877754,0.884808
1.140000,1.175567,0.741775,0.226459,0.959538,1.241236
1.142000,1.457929,1.481130,1.660918,1.254321,0.921349
1.144000,1.688662,2.204965,1.301035,1.713917,1.757142
1.146000,1.859554,2.320881,2.734079,2.261708,1.772941
1.148000,1.964574,2.239116,2.869812,2.353171,2.279331
1.150000,2.000000,2.173340,1.685977,2.224863,2.394941
1.152000,1.964575,1.950898,2.957012,2.191250,2.310907
1.154000,1.859551,1.600579,0.350393,2.018569,2.573246
1.156000,1.688657,2.074878,2.800994,1.517501,1.838071
1.158000,1.457934,1.589448,1.487778,1.833169,2.582024
1.160000,1.175573,1.242924,1.931155,1.324141,1.964374
1.162000,0.851568,1.183089,0.286493,0.956016,1.878621
1.164000,0.497367,0.708471,-0.252413,0.622565,1.799659
1.166000,0.125575,0.336824,-1.010726,0.163335,0.667271
1.168000,-0.250665,-0.034146,0.893386,-0.105940,0.528903
1.170000,-0.618025,-0.402819,-0.196521,-0.443551,0.257354
1.172000,-0.963519,-0.926067,-1.415455,-0.688094,-0.543067
1.174000,-1.274853,-1.681091,-1.856263,-1.227382,-0.927688
1.176000,-1.541026,-1.709885,-2.783730,-1.902888,-1.485462
1.178000,-1.752609,-1.619750,-1.308332,-2.050832,-1.922852
1.180000,-1.902108,-1.756106,-2.215702,-1.924173,-1.782782
1.182000,-1.984230,-2.260329,-0.904127,-1.878777,-2.127613
1.184000,-1.996053,-1.426255,-2.009378,-2.286936,-1.966599
1.186000,-1.937168,-2.197816,-2.883734,-1.664122,-1.884917
1.188000,-1.809654,-1.677816,-2.312411,-1.939864,-1.561372
1.190000,-1.618030,-2.003313,-1.501225,-1.537263,-1.901763
1.192000,-1.369094,-1.152025,-2.300175,-1.726319,-1.495580
1.194000,-1.071647,-1.316277,-1.478208,-0.930544,-1.300037
1.196000,-0.736249,-1.032630,-1.077564,-0.921256,-1.497193
1.198000,-0.374770,-0.410958,0.858384,-0.688619,-0.717166
1.200000,0.000016,0.396209,1.520663,-0.200823,-0.087629
1.202000,0.374771,-0.087124,0.786081,0.643470,0.427845
1.204000,0.736250,1.079666,-0.061722,0.443288,0.889399
1.206000,1.071648,0.669657,1.505258,1.211267,1.184259
1.208000,1.369084,1.531372,2.243517,1.040974,1.512620
1.210000,1.618039,1.353892,2.048171,1.703692,2.129278
1.212000,1.809655,1.882132,1.907073,1.584814,1.721214
1.214000,1.937165,1.921996,2.989563,1.938130,2.040359
1.216000,1.996053,1.813593,1.396074,1.956362,2.277325
1.218000,1.984228,2.103594,1.522150,1.877309,2.054240
1.220000,1.902112,2.186085,1.713266,1.884460,1.668646
1.222000,1.752616,1.464121,2.141205,1.894897,1.038870
1.224000,1.541025,1.519672,1.941677,1.388098,1.161789
1.226000,1.274852,1.601153,1.530558,1.208116,0.865487
1.228000,0.963505,1.390180,1.747272,1.193125,0.623457
1.230000,0.618024,0.991154,-1.572016,0.926258,0.399630
1.232000,0.250663,-0.019235,-0.727947,0.598618,-0.390265
1.234000,-0.125577,-0.148185,-1.610761,-0.267548,-1.289381
1.236000,-0.497368,-0.199715,-0.583027,-0.571629,-1.614405
1.238000,-0.851569,-1.322085,-0.918737,-0.617242,-1.467034
1.240000,-1.175573,-1.244949,-1.723164,-1.430315,-1.485553
1.242000,-1.457935,-1.877207,-1.485361,-1.633363,-2.099109
1.244000,-1.688650,-1.572346,-0.060508,-2.113749,-2.166460
1.246000,-1.859557,-2.151258,-3.283506,-1.926715,-1.911986
1.248000,-1.964575,-2.004453,-3.024379,-2.197530,-2.131636
1.250000,-2.000000,-1.897758,-3.311517,-2.178843,-2.141244
1.252000,-1.964576,-2.165930,-2.332362,-1.959016,-2.163399
1.254000,-1.859554,-2.232369,-2.403906,-1.961764,-1.738141
1.256000,-1.688653,-1.585157,-1.837733,-1.934237,-1.778176
1.258000,-1.457939,-1.220782,-2.908656,-1.470851,-1.524389
1.260000,-1.175566,-0.898931,-2.033038,-0.943389,-1.136791
1.262000,-0.851561,-1.259950,-0.513943,-0.556469,-0.867625
1.264000,-0.497374,-0.755822,1.058876,-0.695860,-0.247506
1.266000,-0.125568,-0.239264,-0.308555,-0.416247,0.312891
1.268000,0.250672,-0.521657,0.211413,0.288975,1.084096
1.270000,0.618032,0.556913,-0.162099,0.167772,1.435303
1.272000,0.963499,1.352742,0.842005,0.735628,1.124960
1.274000,1.274859,1.469377,2.846711,1.461766,1.579055
1.276000,1.541031,1.401813,2.240093,1.829565,1.844053
1.278000,1.752613,1.108488,1.223145,1.663147,2.254813
1.280000,1.902110,1.775652,1.990354,1.425070,2.507095
1.282000,1.984227,1.754733,1.909535,1.801259,2.550707
1.284000,1.996053,1.798664,3.251858,1.999270,2.465255
1.286000,1.937166,1.841997,2.420400,1.873406,2.584921
1.288000,1.809657,1.669574,2.130478,1.717003,1.895083
1.290000,1.618034,1.523641,1.327531,1.545532,1.947183
1.292000,1.369089,2.028960,3.058359,1.329159,1.702518
1.294000,1.071653,0.765801,-0.419039,1.494179,1.664521
1.296000,0.736242,0.670788,2.083696,0.756880,0.534970
1.298000,0.374762,0.465543,-0.219047,0.492759,0.399200
1.300000,0.000007,0.432459,-1.680381,0.234861,-0.061643
1.302000,-0.374778,-0.287212,1.212568,0.067757,-0.919166
1.304000,-0.736257,-0.803348,-0.892141,-0.546130,-0.674282
1.306000,-1.071655,-1.156628,0.078974,-1.001028,-1.271100
1.308000,-1.369090,-1.296010,-2.168670,-1.346754,-1.442069
1.310000,-1.618026,-1.491220,-2.321922,-1.546073,-1.959333
1.312000,-1.809658,-1.915968,-2.705433,-1.641565,-2.112673
1.314000,-1.937167,-1.784886,-2.093114,-1.928328,-2.371686
1.316000,-1.996053,-2.073400,-3.289382,-1.860332,-2.537634
1.318000,-1.984231,-1.785883,-3.014600,-2.000769,-3.104877
1.320000,-1.902110,-1.600110,-0.652962,-1.742010,-3.046815
1.322000,-1.752612,-1.290751,-0.366915,-1.538383,-1.877496
1.324000,-1.541030,-1.983258,-1.376699,-1.143581,-1.466429
1.326000,-1.274846,-1.340831,-0.471803,-1.435999,-1.497779
1.328000,-0.963512,-1.204900,-0.526698,-1.006721,-0.747725
1.330000,-0.618031,-0.721986,-1.460177,-0.677563,-0.641178
1.332000,-0.250656,-0.599757,-2.571999,-0.252961,0.068109
1.334000,0.125584,-0.177592,-0.135156,-0.161127,0.056959
1.336000,0.497376,0.075689,0.789889,0.200614,-0.206155
1.338000,0.851576,1.452567,1.071466,0.401536,0.922496
1.340000,1.175580,1.277813,1.576172,1.429267,0.780214
1.342000,1.457940,1.358571,0.410008,1.682011,1.248763
1.344000,1.688654,2.046413,1.987224,1.695481,1.737957
1.346000,1.859549,1.988826,2.869740,2.043862,1.961977
1.348000,1.964577,1.944404,2.421450,2.256354,1.799070
1.350000,2.000000,1.443421,0.394393,2.149878,1.945057
1.352000,1.964575,1.765421,2.553549,1.721694,1.941905
1.354000,1.859557,2.004398,0.773737,1.701547,1.781412
1.356000,1.688657,1.923094,1.832080,1.746497,1.688439
1.358000,1.457934,1.205421,3.151174,1.650965,1.113501
1.360000,1.175560,0.527581,0.971536,1.021961,1.245883
1.362000,0.851554,1.205219,-1.924888,0.393359,1.163568
1.364000,0.497382,0.571818,0.248706,0.601966,0.556092
1.366000,0.125560,0.201248,-1.066884,0.190141,0.073259
1.368000,-0.250680,-0.176405,-0.124723,-0.203681,-0.379368
1.370000,-0.618040,-0.708433,-1.873378,-0.519883,-0.796766
1.372000,-0.963506,-1.099021,0.841010,-0.887555,-1.483739
1.374000,-1.274841,-1.303478,-0.175261,-1.391208,-1.217265
1.376000,-1.541035,-1.106134,-1.767067,-1.604438,-0.851263
1.378000,-1.752617,-1.613235,-1.372742,-1.389969,-1.491042
1.380000,-1.902113,-1.642003,0.017379,-1.654650,-1.950780
1.382000,-1.984228,-2.232828,-1.335475,-1.688882,-1.465837
1.384000,-1.996054,-1.667187,-2.148507,-2.117600,-1.070889
1.386000,-1.937165,-1.757821,-1.796504,-1.725553,-1.496293
1.388000,-1.809654,-1.996535,-2.369764,-1.596427,-1.223572
1.390000,-1.618039,-1.161372,-1.616979,-1.602866,-0.978788
1.392000,-1.369105,-1.125436,-0.737640,-1.186465,-1.113701
1.394000,-1.071647,-0.642440,-0.191794,-0.836987,-0.717671
1.396000,-0.736249,-0.478045,-1.129280,-0.406886,-0.500672
1.398000,-0.374770,-0.337703,-1.053923,-0.202997,-0.078629
1.400000,-0.000015,-0.399139,-1.294159,0.070195,0.007006
1.402000,0.374741,0.640870,-1.719361,0.158932,-0.185247
1.404000,0.736250,0.528598,0.256440,0.817400,0.035644
1.406000,1.071648,0.780195,-0.548182,0.947888,0.649718
1.408000,1.369084,0.906075,0.170147,1.085723,0.402670
1.410000,1.618039,1.565409,1.874567,1.161902,0.895597
1.412000,1.809655,1.887647,2.837523,1.558065,0.940870
1.414000,1.937165,1.282217,1.114756,1.815394,1.163950
1.416000,1.996055,2.002915,3.051438,1.569442,1.262804
1.418000,1.984228,2.051413,3.350639,1.768003,1.521707
1.420000,1.902112,2.670191,-0.347174,1.827038,1.368112
1.422000,1.752601,2.349545,2.225504,2.092427,1.197482
1.424000,1.541015,1.229979,2.694935,2.009792,1.308477
1.426000,1.274840,1.530041,1.571590,1.417488,1.182135
1.428000,0.963505,0.857491,1.715588,1.152877,1.375573
1.430000,0.618038,0.643633,-0.357665,0.710088,1.310688
1.432000,0.250648,0.036180,3.601615,0.323400,0.483778
1.434000,-0.125592,-0.233600,-0.815084,-0.203150,0.643369
1.436000,-0.497383,-0.455777,-1.055176,-0.595210,0.492125
1.438000,-0.851555,-1.373103,-0.326092,-0.961934,-0.214457
1.440000,-1.175586,-1.368050,-2.176756,-1.628808,-0.353323
1.442000,-1.457945,-1.338959,-1.588968,-1.863801,-0.745073
1.444000,-1.688658,-1.848963,-1.790596,-1.812539,-0.990085
1.446000,-1.859552,-1.838683,-2.193446,-1.983606,-1.757586
1.448000,-1.964572,-1.661542,-2.363823,-2.049077,-1.815540
1.450000,-2.000000,-2.038102,-0.972774,-1.902581,-2.077355
1.452000,-1.964574,-1.987986,-2.362937,-1.946373,-2.116772
1.454000,-1.859554,-2.017129,-1.736018,-1.867252,-2.112264
1.456000,-1.688661,-1.612856,-2.549638,-1.765215,-2.371706
1.458000,-1.457949,-1.475291,0.066846,-1.424549,-2.043943
1.460000,-1.175566,-0.340090,-0.259190,-1.093395,-1.712685
1.462000,-0.851561,-1.148646,-0.700415,-0.267434,-1.166427
1.464000,-0.497389,-0.244920,-0.233512,-0.548277,-0.175402
1.466000,-0.125598,-0.490806,-2.304905,0.053059,-0.587149
1.468000,0.250672,0.330347,-1.594044,0.030089,-0.112962
1.470000,0.618032,0.673997,0.664636,0.658688,0.286747
1.472000,0.963499,0.807011,0.837374,0.899094,0.048097
1.474000,1.274835,1.242902,2.463645,1.261416,1.040570
1.476000,1.541031,1.506277,2.219803,1.375471,1.712062
1.478000,1.752613,1.462656,1.221688,1.630055,2.028407
1.480000,1.902110,2.073241,0.893088,1.667895,2.082537
1.482000,1.984231,2.374865,1.694876,1.984270,2.235489
1.484000,1.996053,2.326604,0.213156,2.296774,1.949924
1.486000,1.937166,1.913924,1.336285,2.176475,1.585322
1.488000,1.809657,1.853274,1.526288,1.852219,1.470798
1.490000,1.618025,1.393226,1.029119,1.688642,1.627467
1.492000,1.369089,1.926524,1.547269,1.328158,1.236471
1.494000,1.071653,0.766313,-0.847355,1.380050,0.791388
1.496000,0.736227,0.970461,0.859490,0.570611,0.765277
1.498000,0.374747,0.273970,-0.991941,0.491109,-0.082282
1.500000,-0.000008,0.368117,-1.010222,-0.084074,-0.289076
1.502000,-0.374763,-0.423373,0.620098,-0.191561,-0.526771
1.504000,-0.736243,-0.602543,-1.737755,-0.773743,-0.728658
1.506000,-1.071667,-1.625868,-2.138456,-1.029142,-1.162840
1.508000,-1.369101,-1.576780,-2.006814,-1.739263,-1.318122
1.510000,-1.618035,-2.144048,-2.217546,-1.922328,-1.616576
1.512000,-1.809651,-1.513695,-0.480857,-2.227920,-1.612591
1.514000,-1.937171,-2.109169,-3.061852,-1.948453,-1.425916
1.516000,-1.996054,-2.431815,-2.159235,-2.159310,-1.582298
1.518000,-1.984229,-1.995128,-1.130033,-2.358768,-1.153431
1.520000,-1.902115,-1.798658,-2.668726,-2.042451,-1.253153
1.522000,-1.752620,-2.133291,-2.149024,-1.725995,-0.956117
1.524000,-1.541020,-1.481155,0.188996,-1.702471,-0.953841
1.526000,-1.274846,-0.929667,-1.188272,-1.379433,-1.069794
1.528000,-0.963512,-1.198647,-1.231081,-0.653872,0.078347
1.530000,-0.618046,-0.477967,-1.317831,-0.649134,-0.114493
1.532000,-0.250686,-0.277901,-0.089430,-0.076934,0.005541
1.534000,0.125584,0.732438,0.079143,0.057793,0.720930
1.536000,0.497376,0.049099,0.697866,1.015474,0.315976
1.538000,0.851548,0.962148,-0.427174,0.609267,0.985118
1.540000,1.175555,1.116922,0.292212,1.310717,1.116966
1.542000,1.457940,1.180802,2.540839,1.369253,1.281550
1.544000,1.688654,1.550678,1.452325,1.564347,1.704459
1.546000,1.859549,1.823117,2.941525,1.675431,1.436098
1.548000,1.964571,1.507119,3.124908,1.829095,1.594118
1.550000,2.000000,1.589736,2.587759,1.626111,1.767075
1.552000,1.964575,2.150754,1.785325,1.632071,1.472636
1.554000,1.859557,1.759928,1.067067,1.899718,1.566976
1.556000,1.688649,1.787144,3.729873,1.624180,1.354038
1.558000,1.457934,1.407179,1.044528,1.494228,1.085653
1.560000,1.175572,1.566154,1.822153,1.175671,1.086533
1.562000,0.851540,1.039455,-0.586332,1.176328,0.940419
1.564000,0.497367,0.216137,-0.749420,0.797223,-0.071269
1.566000,0.125575,-0.177190,0.354840,0.088997,-0.281876
1.568000,-0.250665,-0.444924,-0.223672,-0.418645,-0.854123
1.570000,-0.618054,-1.185669,0.349653,-0.710080,-1.243882
1.572000,-0.963520,-0.444903,-2.007857,-1.261158,-1.118413
1.574000,-1.274853,-1.175482,-1.106300,-1.003619,-1.844211
1.576000,-1.541026,-1.686211,-1.689152,-1.403696,-2.047989
1.578000,-1.752609,-2.064490,-3.222585,-1.811728,-2.124726
1.580000,-1.902117,-2.339256,-2.716622,-2.204223,-2.707702
1.582000,-1.984230,-1.707925,-3.084343,-2.209366,-2.558417
1.584000,-1.996053,-2.257295,-2.623245,-1.819735,-2.569431
1.586000,-1.937168,-2.444810,-1.756762,-2.015445,-2.808788
1.588000,-1.809648,-1.930772,-1.965803,-2.096457,-2.103961
1.590000,-1.618029,-2.169646,-1.125497,-1.763698,-2.211861
1.592000,-1.369094,-1.513768,0.020827,-1.685795,-1.668406
1.594000,-1.071660,-0.662300,-0.659123,-1.219085,-1.019237
1.596000,-0.736263,-0.946087,-2.789298,-0.478407,-0.505003
1.598000,-0.374755,-0.459728,-0.345566,-0.315221,-0.671668
1.600000,0.000001,-0.072368,-1.726964,0.004683,-0.141509
1.602000,0.374756,0.127082,0.427724,0.453245,0.345095
1.604000,0.736236,0.730504,-0.270736,0.748024,0.477770
1.606000,1.071635,1.169166,-0.639535,1.086704,1.230944
1.608000,1.369095,1.273406,1.173161,1.547794,1.177688
1.610000,1.618030,2.059833,1.320163,1.742087,1.416381
1.612000,1.809648,2.020810,1.869239,2.152394,1.959914
1.614000,1.937161,1.605937,2.065774,2.300021,2.062384
1.616000,1.996054,2.172456,2.391798,1.983059,2.161973
1.618000,1.984230,2.199276,0.695174,2.047049,2.269850
1.620000,1.902117,1.525428,4.138406,2.251605,1.917279
1.622000,1.752609,1.443238,2.334518,1.705502,1.940773
1.624000,1.541025,1.468988,1.440181,1.323491,2.086026
1.626000,1.274852,1.514948,1.697688,1.225646,1.724506
1.628000,0.963491,0.976790,2.515424,1.115249,1.537985
1.630000,0.618024,0.320917,-0.399093,0.722304,1.587459
1.632000,0.250663,0.724697,0.432784,0.156216,0.616430
1.634000,-0.125577,-0.338622,-0.377564,0.143312,0.508986
1.636000,-0.497398,-1.003339,1.532991,-0.448091,-0.142785
1.638000,-0.851569,-0.831909,0.584463,-1.121356,-0.243901
1.640000,-1.175574,-1.570555,-0.608138,-1.306299,-0.157892
1.642000,-1.457935,-1.175028,-1.537432,-1.593919,-1.200225
1.644000,-1.688666,-2.070290,-1.785807,-1.350242,-1.317975
1.646000,-1.859557,-2.572852,-0.536324,-2.084088,-1.672830
1.648000,-1.964575,-2.440412,-3.957177,-2.508463,-1.895961
1.650000,-2.000000,-2.049428,-2.492205,-2.445563,-2.454175
1.652000,-1.964576,-1.998090,-1.034006,-1.893995,-2.052431
1.654000,-1.859548,-1.351287,-4.541665,-1.771592,-2.164489
1.656000,-1.688653,-1.661346,-0.558687,-1.340061,-2.288121
1.658000,-1.457939,-0.810621,-0.851563,-1.185709,-1.806004
1.660000,-1.175578,-1.458810,0.258629,-0.581777,-2.070614
1.662000,-0.851574,-0.545934,-0.147402,-0.887819,-1.105908
1.664000,-0.497374,-0.663016,-0.260827,-0.058915,-1.212433
1.666000,-0.125583,-0.238348,-1.620757,-0.005090,-0.851878
1.668000,0.250657,0.128247,0.405540,0.315839,-0.621860
1.670000,0.618018,1.139116,-0.242684,0.620069,-0.077622
1.672000,0.963513,0.822532,2.311760,1.286357,0.002252
1.674000,1.274847,1.877156,1.289061,1.311571,1.081877
1.676000,1.541021,1.460418,-0.263648,1.963560,1.108968
1.678000,1.752606,2.155801,2.476179,1.708138,1.541909
1.680000,1.902106,2.169737,0.415939,2.256813,1.920452
1.682000,1.984229,2.251074,2.928265,2.351789,1.801439
1.684000,1.996054,2.018142,1.948000,2.195178,1.865875
1.686000,1.937170,1.950331,1.445260,2.011671,1.614860
1.688000,1.809651,2.314018,0.172722,1.816862,1.990077
1.690000,1.618034,1.471054,1.211500,2.032825,1.162508
1.692000,1.369100,1.697402,0.500212,1.260882,1.152734
1.694000,1.071640,2.051487,0.953960,1.239312,0.829349
1.696000,0.736242,0.828087,0.107421,1.476570,0.369281
1.698000,0.374762,0.525275,0.435210,0.622782,0.307915
1.700000,-0.000024,-0.060728,-1.169873,0.001427,-0.056537
1.702000,-0.374779,-0.301122,-1.464408,-0.385448,-0.549606
1.704000,-0.736257,-1.118289,-1.936913,-0.727519,-0.282275
1.706000,-1.071655,-0.914129,-2.715142,-1.453701,-0.973915
1.708000,-1.369090,-1.737519,-0.799807,-1.397137,-1.657385
1.710000,-1.618044,-1.261151,-0.739745,-2.011791,-1.010680
1.712000,-1.809658,-2.489150,-3.959740,-1.690900,-2.017694
1.714000,-1.937167,-1.416845,-0.679468,-2.436822,-1.636097
1.716000,-1.996053,-1.939100,-2.424567,-1.993098,-1.281984
1.718000,-1.984227,-2.247944,-2.376514,-1.919475,-1.594429
1.720000,-1.902110,-1.350341,-3.704453,-2.154405,-1.201845
1.722000,-1.752612,-1.677792,-0.677737,-1.434485,-1.261964
1.724000,-1.541030,-1.794494,-0.859467,-1.554071,-0.957231
1.726000,-1.274858,-1.326727,-2.596170,-1.339864,-0.363161
1.728000,-0.963498,-0.611644,0.294664,-1.224774,-0.115907
1.730000,-0.618031,-0.578250,0.230452,-0.379898,0.210385
1.732000,-0.250671,-0.545236,-0.996988,-0.250357,0.703318
1.734000,0.125569,0.501485,-1.844087,-0.118282,0.471749
1.736000,0.497361,0.802408,0.663820,0.583262,0.645289
1.738000,0.851562,0.432747,1.134549,1.031787,0.559345
1.740000,1.175568,1.202287,3.242140,0.837443,1.473924
1.742000,1.457930,0.875889,3.220060,1.351489,1.745040
1.744000,1.688646,1.722667,1.181829,1.091199,2.008672
1.746000,1.859555,2.271065,2.736701,1.777999,2.031691
1.748000,1.964574,2.305132,3.109684,2.125788,1.974734
1.750000,2.000000,2.184819,3.209008,2.249889,2.188601
1.752000,1.964578,1.459349,2.195888,1.981574,2.078024
1.754000,1.859551,1.671802,2.503473,1.559159,2.150291
1.756000,1.688657,1.635003,2.189349,1.365917,1.768814
1.758000,1.457944,1.339835,2.419546,1.371506,0.997623
1.760000,1.175560,1.544014,3.289001,1.080779,1.441541
1.762000,0.851554,0.539118,0.333583,0.987355,0.973818
1.764000,0.497382,1.083913,0.588015,0.297157,0.166874
1.766000,0.125560,0.583007,0.847780,0.454723,-0.193117
1.768000,-0.250680,-0.067780,-0.783263,-0.014853,-0.250078
1.770000,-0.618040,-0.377336,-0.126368,-0.376538,-1.635151
1.772000,-0.963506,-1.167879,0.002606,-0.795890,-1.443716
1.774000,-1.274865,-1.110865,-2.802162,-1.319933,-1.515285
1.776000,-1.541036,-1.107837,0.045283,-1.409214,-2.686605
1.778000,-1.752617,-1.961871,-1.318462,-1.479416,-2.171456
1.780000,-1.902113,-2.085020,-0.381416,-1.920469,-2.362035
1.782000,-1.984228,-1.842880,-1.290928,-2.376828,-2.065315
1.784000,-1.996053,-2.230765,-2.353878,-1.996243,-2.651444
1.786000,-1.937164,-1.926249,-1.476171,-2.043884,-2.253849
1.788000,-1.809654,-1.261214,-2.498639,-2.063694,-2.272161
1.790000,-1.618038,-1.571618,0.609474,-1.409019,-2.296970
1.792000,-1.369083,-1.279728,-2.066705,-1.297571,-1.570986
1.794000,-1.071647,-1.148797,-2.618164,-1.136636,-1.626303
1.796000,-0.736249,-0.990400,-1.139817,-0.841593,-1.339707
1.798000,-0.374769,-0.440854,-2.542360,-0.557587,-1.268798
1.800000,-0.000014,0.080127,0.252721,-0.112077,-0.956028
1.802000,0.374771,0.894476,-1.813370,0.312188,-0.505061
1.804000,0.736250,0.601281,1.199196,1.028726,-0.854350
1.806000,1.071648,0.853107,2.335124,1.039650,0.101954
1.808000,1.369084,1.537006,3.274351,1.216081,1.278180
1.810000,1.618021,2.333721,2.579260,1.550256,1.728718
1.812000,1.809655,1.796953,3.333277,2.214442,2.096216
1.814000,1.937165,2.153119,3.683070,2.050842,2.446109
1.816000,1.996053,2.120095,1.186525,2.134396,2.575163
1.818000,1.984232,1.917506,1.401295,2.049523,2.975189
1.820000,1.902112,1.908302,2.667248,1.900062,2.179926
1.822000,1.752616,1.958839,2.819618,1.632859,2.622249
1.824000,1.541034,1.701932,2.362144,1.499158,2.317229
1.826000,1.274840,0.996409,2.819533,1.350123,2.203539
1.828000,0.963505,1.227512,0.268001,0.747196,1.931064
1.830000,0.618038,1.382926,1.792551,0.663463,1.361913
1.832000,0.250648,0.429323,0.331673,0.586927,0.974190
1.834000,-0.125592,0.143690,-0.472826,0.023031,-0.013971
1.836000,-0.497383,-0.391451,-0.581044,-0.289495,-0.086083
1.838000,-0.851583,-1.486154,-3.758919,-0.865935,-0.726898
1.840000,-1.175586,-0.580437,-2.871555,-1.622831,-1.431064
1.842000,-1.457945,-2.059419,-3.237598,-1.191218,-2.228685
1.844000,-1.688658,-2.126977,-0.646658,-2.175142,-2.347273
1.846000,-1.859552,-2.116816,-2.810144,-2.349167,-2.414394
1.848000,-1.964578,-2.007409,-1.669409,-2.414890,-2.506121
1.850000,-2.000000,-2.161528,-3.386676,-2.131931,-1.909274
1.852000,-1.964574,-1.829597,-0.976427,-2.263172,-2.696010
1.854000,-1.859554,-1.639365,-1.456496,-1.967702,-1.600851
1.856000,-1.688661,-1.283510,-0.667601,-1.620080,-1.722423
1.858000,-1.457928,-1.555518,-0.823416,-1.213190,-0.817859
1.860000,-1.175566,-0.858591,-2.795164,-1.094764,-0.878667
1.862000,-0.851560,-0.779756,0.888231,-0.649927,-0.266405
1.864000,-0.497389,-0.280805,-0.064463,-0.446618,0.056335
1.866000,-0.125568,-1.084807,-1.606748,0.111812,1.049929
1.868000,0.250672,0.339046,-0.249191,-0.426811,0.825176
1.870000,0.618033,-0.036257,2.827053,0.461817,0.822403
1.872000,0.963500,0.815714,2.158296,0.545829,2.604567
1.874000,1.274835,1.201708,1.912991,1.065157,2.514612
1.876000,1.541031,1.640072,0.496927,1.209052,2.858887
1.878000,1.752613,1.602226,0.014911,1.636099,2.233424
1.880000,1.902110,1.798421,3.210500,1.890970,1.917560
1.882000,1.984227,2.277516,1.470081,1.757018,1.648346
1.884000,1.996055,2.132642,3.079157,2.163325,1.895384
1.886000,1.937166,1.785879,2.364227,1.992133,1.505990
1.888000,1.809657,2.235167,1.993490,1.898447,2.029071
1.890000,1.618043,0.954078,2.500327,1.827089,1.862548
1.892000,1.369088,0.798506,2.547239,1.145627,1.432566
1.894000,1.071653,0.872708,1.989770,0.697299,1.896438
1.896000,0.736256,0.103139,0.618197,0.492508,0.546622
1.898000,0.374747,-0.067501,-1.010236,-0.136104,0.441298
1.900000,-0.000009,0.115693,-0.449767,-0.302205,-0.545754
1.902000,-0.374764,-0.261166,-1.169332,-0.426485,-0.474635
1.904000,-0.736272,-0.692818,-1.775979,-0.628205,-1.681941
1.906000,-1.071668,-0.966511,-0.791882,-1.086627,-1.549070
1.908000,-1.369101,-1.786196,-1.109672,-1.262726,-2.197502
1.910000,-1.618035,-1.783849,-1.994172,-1.817064,-1.784130
1.912000,-1.809652,-1.969449,-2.159351,-1.811754,-1.669325
1.914000,-1.937171,-2.176492,-3.451422,-1.931587,-2.239636
1.916000,-1.996054,-2.491242,-1.329346,-2.018040,-1.770334
1.918000,-1.984229,-2.040042,-1.935410,-2.269686,-2.292763
1.920000,-1.902115,-2.008102,-1.833814,-1.862140,-1.771693
1.922000,-1.752605,-1.760828,-1.839729,-1.729905,-1.634513
1.924000,-1.541020,-1.383303,-2.491248,-1.507369,-1.539508
1.926000,-1.274846,-1.420423,-1.898899,-1.009266,-1.346870
1.928000,-0.963511,-1.453896,-0.516963,-0.947454,-0.819221
1.930000,-0.618045,-0.263578,-0.963968,-0.897148,-0.636348
1.932000,-0.250656,0.011860,-1.320920,0.007663,-0.441816
1.934000,0.125585,-0.143940,-0.066629,0.520614,0.122002
1.936000,0.497376,0.974205,0.687094,0.409708,0.116647
1.938000,0.851548,0.822713,2.388190,1.219221,1.051085
1.940000,1.175580,0.896789,0.083974,1.381825,1.278852
1.942000,1.457940,1.550821,2.868976,1.421433,1.565835
1.944000,1.688654,1.727050,-0.185942,1.820863,1.986182
1.946000,1.859549,1.422924,-0.341816,2.056423,1.682093
1.948000,1.964571,2.329652,0.175166,1.758205,1.764924
1.950000,2.000000,2.104041,0.983652,2.192444,1.410934
1.952000,1.964575,2.319050,2.703113,2.155664,1.954043
1.954000,1.859557,1.751941,2.447359,2.132852,1.967336
1.956000,1.688665,1.497597,0.767879,1.669073,1.912920
1.958000,1.457934,1.639033,1.345217,1.404554,1.591799
1.960000,1.175572,1.468901,1.293719,1.278666,1.352078
1.962000,0.851567,0.946950,2.066768,1.115241,0.712882
1.964000,0.497367,0.479582,0.189317,0.768254,0.756654
1.966000,0.125575,0.327553,-0.358746,0.083169,0.145783
1.968000,-0.250665,-0.299715,2.264471,-0.091711,-0.254865
1.970000,-0.618054,-0.109301,0.229414,-0.547894,-0.048165
1.972000,-0.963520,-0.785864,-2.070595,-0.538071,-0.229358
1.974000,-1.274853,-1.428977,-1.004973,-1.091115,-0.300735
1.976000,-1.541026,-1.312772,-0.736988,-1.607590,-1.174170
1.978000,-1.752624,-1.701593,-2.270815,-1.635933,-0.765430
1.980000,-1.902118,-1.402630,-1.674178,-1.895469,-1.293061
1.982000,-1.984230,-1.884415,-1.869762,-1.632546,-1.784775
1.984000,-1.996053,-1.614600,-2.212766,-1.872192,-1.470297
1.986000,-1.937168,-1.816829,-0.088055,-1.732929,-1.644636
1.988000,-1.809648,-1.661371,-1.254946,-1.748699,-1.420225
1.990000,-1.618029,-0.981584,-1.620051,-1.475088,-1.731751
1.992000,-1.369094,-1.154898,-2.005768,-1.028382,-1.570048
1.994000,-1.071660,-1.584701,-2.116784,-0.918429,-1.418439
1.996000,-0.736234,-0.378741,-0.061667,-0.950309,-1.145673
1.998000,-0.374754,0.058039,0.649640,-0.484343,-1.011908
